Estacion_Id,Pfb_Fecha,Lod_Latitud_F5,Lod_Longitud_F5,Lod_Cota,Conductividad,18O,2H,d-excess
G001,01-sep-05,5782169,5609931,90.87837886,877,-5.40,-36.00,7.20
G008,22-feb-10,5769784.062,5581365.127,96.32694508,1027,-5.47,-30.39,13.36
G009,23-feb-10,5804182,5595763,160.6476983,,-5.00,-28.64,11.35
G010,22-feb-10,5773259.986,5584639.567,91.85529903,1179,-5.38,-28.45,14.61
G014,15-dic-11,5753988,5613800,42.3082511,1175,-5.34,-28.33,14.38
G020,16-dic-11,5774058.55,5570202.5,97.69923302,3150,-5.15,-28.65,12.51
G020,23-feb-05,5774058.55,5570202.5,97.69923302,2710,-5.00,-37.00,3.00
G020,28-sep-06,5774058.55,5570202.5,97.69923302,2001,-5.00,-34.00,6.00
G020,28-ene-08,5774058.55,5570202.5,97.69923302,2792,-4.80,-30.80,7.60
G020,18-nov-10,5774058.55,5570202.5,97.69923302,,-4.79,-28.66,9.63
G020,07-jun-06,5774058.55,5570202.5,97.69923302,3040,-4.70,-32.00,5.60
G020,04-ago-05,5774058.55,5570202.5,97.69923302,2120,-4.50,-34.00,2.00
G020,05-ago-05,5774058.55,5570202.5,97.69923302,,-4.50,-34.00,2.00
G023,29-oct-09,5761234,5580677,92.64764982,,-5.16,-27.93,13.37
G026,17-ago-06,5741496.59,5603169.02,30.01473905,780,-5.30,-30.00,12.40
G026,23-feb-05,5741496.59,5603169.02,30.01473905,789,-5.10,-35.00,5.80
G026,23-mar-06,5741496.59,5603169.02,30.01473905,775,-5.10,-32.00,8.80
G026,04-ago-05,5741496.59,5603169.02,30.01473905,747,-4.80,-36.00,2.40
G044,23-feb-05,5804903.78,5539171.52,168.1538774,,-5.40,-38.00,5.20
G044,25-feb-05,5804903.78,5539171.52,168.1538774,1255,-5.40,-38.00,5.20
G044,04-ago-05,5804903.78,5539171.52,168.1538774,1215,-5.20,-35.00,6.60
G071,06-dic-05,5817609.84,5602688.73,175.5125703,720,-5.90,-35.00,12.20
G071,07-jun-06,5817609.84,5602688.73,175.5125703,882,-5.90,-34.00,13.20
G071,17-ago-06,5817609.84,5602688.73,175.5125703,870,-5.70,-35.00,10.60
G071,23-feb-05,5817609.84,5602688.73,175.5125703,,-5.40,-36.00,7.20
G071,25-feb-05,5817609.84,5602688.73,175.5125703,753,-5.40,-36.00,7.20
G071,01-sep-05,5817609.84,5602688.73,175.5125703,778,-5.30,-36.00,6.40
G072,25-feb-10,5768072.88,5576700.9,78.3302764,975,-5.65,-31.30,13.88
G072,14-abr-05,5768072.88,5576700.9,78.3302764,791,-5.50,-37.00,7.00
G072,25-ene-07,5768072.88,5576700.9,78.3302764,,-5.40,-33.00,10.20
G072,04-ago-05,5768072.88,5576700.9,78.3302764,823,-5.30,-37.00,5.40
G073,17-ago-06,5742922,5608201,16.31809377,1180,-5.70,-35.00,10.60
G073,22-mar-06,5742922,5608201,16.31809377,980,-5.40,-33.00,10.20
G073,14-sep-06,5742922,5608201,16.31809377,1125,-5.40,-37.00,6.20
G073,19-oct-06,5742922,5608201,16.31809377,1290,-5.30,-33.00,9.40
G073,29-oct-03,5742922,5608201,16.31809377,,-5.26,-30.71,11.41
G073,07-mar-07,5742922,5608201,16.31809377,1282,-5.20,-30.00,11.60
G073,03-jul-07,5742922,5608201,16.31809377,,-5.20,-30.00,11.60
G073,28-ene-08,5742922,5608201,16.31809377,1342,-5.19,-30.43,11.12
G073,25-ene-07,5742922,5608201,16.31809377,1180,-5.10,-32.00,8.80
G073,11-sep-06,5742922,5608201,16.31809377,,-5.00,-33.00,7.00
G073,09-nov-06,5742922,5608201,16.31809377,1160,-5.00,-33.00,7.00
G073,04-ago-05,5742922,5608201,16.31809377,1117,-4.90,-34.00,5.20
G074,14-abr-05,5817581,5560390,183.1789583,724,-5.40,-35.00,8.20
G074,04-ago-05,5817581,5560390,183.1789583,721,-5.20,-36.00,5.60
G075,04-ago-05,5807344.68,5562751.28,157.9369061,952,-5.30,-36.00,6.40
G075,05-ago-05,5807344.68,5562751.28,157.9369061,,-5.30,-36.00,6.40
G075,14-abr-05,5807344.68,5562751.28,157.9369061,1115,-5.20,-38.00,3.60
G076,28-oct-09,5781796.395,5599065.803,91.88205609,1080,-5.02,-27.39,12.79
G076,15-dic-11,5781796.395,5599065.803,91.88205609,1091,-4.91,-27.09,12.16
G077,28-oct-09,5782184.071,5589552.949,100.5008633,865,-5.47,-29.27,14.52
G077,19-may-09,5782184.071,5589552.949,100.5008633,,-5.08,-28.83,11.85
G078,28-oct-09,5780216.179,5586454.662,99.10837718,917,-5.16,-28.11,13.18
G079,28-oct-09,5783847.039,5583371.355,109.3236933,719,-5.07,-29.50,11.09
G080,29-oct-09,5770369.839,5560138.125,124.7530999,682,-5.31,-30.14,12.37
G081,29-oct-09,5771207.659,5560261.115,121.8819436,838,-6.06,-33.93,14.54
G083,29-oct-09,5780559.181,5568561.187,115.4176786,1041,-5.26,-32.40,9.66
G084,16-dic-11,5757530.724,5589371.168,65,923,-5.07,-28.83,11.70
G084,29-oct-09,5757530.724,5589371.168,65,891,-4.57,-26.32,10.25
G085,29-oct-09,5758607.349,5590449.635,85.30278745,793,-4.81,-30.16,8.33
G087,29-oct-09,5759050.071,5592478.513,79.6274005,859,-5.42,-31.43,11.95
G088,23-feb-10,5777218.7,5593988.159,88.66303717,,-4.90,-28.42,10.77
G089,23-feb-10,5737069.798,5607334.743,21.08419828,1112,-5.32,-29.56,12.97
G090,23-feb-10,5773369.993,5603371.162,77.59943693,969,-5.29,-29.19,13.11
G092,23-feb-10,5770911.927,5603617.275,73.79954066,993,-4.84,-27.73,11.02
G093,15-dic-11,5773117.183,5598908.632,80.82782725,946,-5.36,-26.91,15.93
G093,24-feb-10,5773117.183,5598908.632,80.82782725,940,-5.21,-28.50,13.20
G094,27-feb-10,5771428.066,5600589.133,79.02642218,,-5.19,-29.24,12.28
G095,24-feb-10,5768883.351,5600370.248,72.46218243,1181,-5.32,-30.56,12.04
G096,24-feb-10,5764549.828,5599151.868,69.79296726,736,-5.66,-30.77,14.49
G097,24-feb-10,5763874.427,5597628.888,64.26281226,870,-5.71,-31.17,14.48
G098,24-feb-10,5768203.393,5604392.756,64.82497534,1014,-4.30,-23.41,11.02
G099,24-feb-10,5759021.544,5603943.919,55,1059,-5.14,-29.04,12.06
G100,08-mar-11,5774037.897,5596979.667,82.37707237,,-5.10,-29.07,11.70
G101,29-abr-05,5733439.191,5622969.949,33.73503914,572,-5.00,-35.00,5.00
G101,01-may-10,5733439.191,5622969.949,33.73503914,,-4.36,-26.88,8.00
G102,01-sep-05,5789350.13,5610413.88,101.9932766,1025,-4.80,-33.00,5.40
G102,01-may-10,5789350.13,5610413.88,101.9932766,,-4.23,-25.44,8.39
G103,08-mar-11,5777069.57,5610955.78,81.3785643,,-5.50,-28.93,15.09
G104,11-abr-12,5777072.55,5610963.13,81.29975575,,-5.58,-29.95,14.65
G1101,21-oct-17,5752520.616,5650167.378,25.15982907,,-5.76,-33.20,12.88
G1102,12-may-16,5749835.954,5653164.404,22.92733545,1260,3.05,-10.50,-34.90
G1104,12-may-16,5744487.554,5653120.96,15.46175851,1215,-4.98,-29.50,10.34
G1108,13-may-16,5781187.298,5690100.275,70.08622277,868,-5.96,-34.10,13.58
G1112,24-ago-18,5772918.865,5691803.682,32.70761861,880,-5.67,-31.90,13.46
G1112,07-mar-18,5772918.865,5691803.682,32.70761861,1120,-5.53,-32.10,12.14
G1112,18-may-18,5772918.865,5691803.682,32.70761861,1172,-5.30,-32.10,10.30
G1112,13-dic-18,5772918.865,5691803.682,32.70761861,1187,-5.15,-30.80,10.40
G1112,13-may-16,5772918.865,5691803.682,32.70761861,1055,-5.09,-31.30,9.42
G1113,13-may-16,5778583.658,5692090.852,42.38097622,869,-5.60,-31.50,13.30
G1114,13-may-16,5778835.734,5692862.496,42.77159421,908,-5.90,-33.10,14.10
G1115,17-may-16,5781362.934,5632582.423,83.36604639,1204,-5.65,-33.70,11.50
G1116,07-mar-18,5781644.974,5631356.299,84,,-6.00,-34.40,13.60
G1116,17-may-16,5781644.974,5631356.299,84,1269,-5.21,-32.40,9.28
G1117,17-may-16,5782791.969,5630034.237,85.509124,1205,-5.52,-33.20,10.96
G1118,17-may-16,5786206.008,5629859.498,101.0673146,1017,-5.39,-31.70,11.42
G1119,17-may-16,5788791.837,5623624.836,103.8276363,1010,-5.40,-33.00,10.20
G1120,07-jul-16,5786392.416,5690968.088,99.01154985,,-5.22,-31.80,9.96
G1120,06-jul-16,5786392.416,5690968.088,99.01154985,1058,-5.11,-30.60,10.28
G1121,06-jul-16,5782201.119,5684866.533,64.2604294,1036,-5.57,-32.70,11.86
G1122,06-jul-16,5781069.338,5689804.751,69.53280765,813,-5.53,-32.60,11.64
G1123,06-jul-16,5780014.357,5690058.07,57.79486903,1114,-5.54,-31.80,12.52
G1124,06-jul-16,5779736.196,5688352.487,58.87839774,858,-5.34,-32.60,10.12
G1124,24-oct-17,5779736.196,5688352.487,58.87839774,,-5.27,-31.80,10.36
G1125,06-jul-16,5778935.794,5688407.087,52.53311144,826,-6.16,-32.30,16.98
G1126,07-jul-16,5781637.402,5689922.839,70.55163965,983,-6.07,-33.50,15.06
G1126,20-oct-17,5781637.402,5689922.839,70.55163965,,-5.63,-33.20,11.84
G1127,07-jul-16,5781303.076,5688642.309,68.70015553,927,-5.68,-33.10,12.34
G1129,07-jul-16,5777484.708,5687912.889,44.20031218,744,-5.02,-30.40,9.76
G1130,24-feb-18,5779831.69,5710764.92,28,1370,-5.33,-31.50,11.14
G1131,22-ago-16,5788857.332,5690059.353,96.43055417,593,-5.85,-35.00,11.80
G1132,22-ago-16,5790104.141,5688716.638,89.80062374,767,-5.49,-33.20,10.72
G1133,24-ago-18,5774352.145,5688347.198,45.55605355,1042,-5.75,-32.90,13.10
G1133,22-ago-16,5774352.145,5688347.198,45.55605355,924,-5.45,-31.40,12.20
G1133,10-mar-20,5774352.145,5688347.198,45.55605355,,-5.36,-31.40,11.48
G1133,18-may-18,5774352.145,5688347.198,45.55605355,1065,-5.24,-31.20,10.72
G1133,13-dic-18,5774352.145,5688347.198,45.55605355,7.81,-4.78,-29.60,8.64
G1133,10-mar-21,5774352.145,5688347.198,45.55605355,,-3.22,-25.00,0.76
G1135,24-ago-18,5783029.322,5681331.653,67.91313961,1109,-5.84,-33.10,13.62
G1135,19-sep-20,5783029.322,5681331.653,67.91313961,,-5.76,-32.30,13.78
G1135,03-dic-19,5783029.322,5681331.653,67.91313961,7.52,-5.75,-32.70,13.30
G1135,02-sep-16,5783029.322,5681331.653,67.91313961,1001,-5.37,-32.10,10.86
G1135,13-dic-18,5783029.322,5681331.653,67.91313961,7.74,-4.08,-28.50,4.14
G1136,02-sep-16,5782287.364,5681374.012,69.56545574,784,-6.54,-37.80,14.52
G1136,07-mar-18,5782287.364,5681374.012,69.56545574,632,-4.42,-19.40,15.96
G1136,18-may-18,5782287.364,5681374.012,69.56545574,240,-3.79,-19.30,11.02
G1137,07-mar-18,5767891.246,5689831.359,23.40404696,1264,-5.39,-29.10,14.02
G1137,24-ago-18,5767891.246,5689831.359,23.40404696,810,-5.36,-30.60,12.28
G1137,02-sep-16,5767891.246,5689831.359,23.40404696,1107,-5.23,-30.40,11.44
G1137,18-may-18,5767891.246,5689831.359,23.40404696,1227,-5.18,-30.40,11.04
G1137,13-dic-18,5767891.246,5689831.359,23.40404696,7.48,-2.02,-21.90,-5.74
G1138,19-oct-16,5774945.96,5679561.573,49,1005,-5.51,-33.50,10.58
G1139,16-oct-16,5772889.828,5681839.561,47,,-5.94,-32.30,15.22
G114,19-nov-10,5746021.76,5634591.56,24.27438812,,-5.33,-28.08,14.58
G114,06-abr-18,5746021.76,5634591.56,24.27438812,2060,-5.16,-31.70,9.58
G114,29-may-09,5746021.76,5634591.56,24.27438812,,-4.52,-25.91,10.25
G114,29-ene-08,5746021.76,5634591.56,24.27438812,909,-4.35,-22.46,12.31
G1140,19-oct-16,5772008.418,5682893.763,43,1162,-5.48,-31.50,12.34
G1141,18-may-18,5769446.2,5684316.206,34,1326,-5.73,-32.00,13.84
G1141,24-ago-18,5769446.2,5684316.206,34,1293,-5.73,-32.60,13.24
G1141,07-mar-18,5769446.2,5684316.206,34,1348,-5.65,-32.00,13.20
G1141,19-oct-16,5769446.2,5684316.206,34,1260,-5.16,-30.60,10.68
G1141,13-dic-18,5769446.2,5684316.206,34,7.59,-4.11,-28.40,4.48
G1143,19-oct-16,5768357.528,5686051.404,25,1024,-5.51,-30.70,13.38
G1144,19-oct-16,5766442.421,5688545.798,13,997,-5.50,-30.80,13.20
G1145,22-dic-16,5781692,5689920,68.18556925,,-5.34,-33.60,9.12
G1146,22-dic-16,5778493,5692015,44.26896308,,-5.84,-30.10,16.62
G1147,16-may-17,5767367.899,5693296.705,28,1280,-5.48,-33.20,10.64
G1148,24-ago-18,5766783.922,5693691.684,16,1548,-5.91,-32.90,14.38
G1148,18-may-18,5766783.922,5693691.684,16,1513,-5.67,-33.00,12.36
G1148,07-mar-18,5766783.922,5693691.684,16,1570,-5.62,-32.70,12.26
G1148,16-may-17,5766783.922,5693691.684,16,1260,-5.30,-32.40,10.00
G1148,13-dic-18,5766783.922,5693691.684,16,7.75,-0.59,-18.60,-13.88
G1149,16-may-17,5765098.863,5693186.623,11,1450,-5.29,-32.30,10.02
G1150,16-may-17,5765385.281,5692422.5,19,1260,-5.34,-32.80,9.92
G1153,16-may-17,5764132.111,5691406.85,11,,-5.08,-30.70,9.94
G1154,16-may-17,5763892.825,5691999.722,15,1340,-5.29,-31.90,10.42
G1161,07-mar-18,5780007.86,5688427.79,58.79882642,980,-6.00,-34.40,13.60
G1161,24-ago-18,5780007.86,5688427.79,58.79882642,970,-5.97,-34.10,13.66
G1161,18-may-18,5780007.86,5688427.79,58.79882642,981,-5.88,-33.40,13.64
G1161,13-dic-18,5780007.86,5688427.79,58.79882642,8.11,-5.61,-32.80,12.08
G1161,20-oct-17,5780007.86,5688427.79,58.79882642,,-5.52,-33.20,10.96
G1162,21-oct-17,5787111.68,5691545.87,89.21746786,,-5.99,-35.40,12.52
G1163,07-mar-18,5773462.021,5688411.82,44,762,-6.21,-36.40,13.28
G1164,24-ago-18,5788347.978,5688473.51,91,1152,-6.03,-34.10,14.14
G1164,07-mar-18,5788347.978,5688473.51,91,1234,-5.73,-33.50,12.34
G1164,13-dic-18,5788347.978,5688473.51,91,7.2,-5.57,-34.90,9.66
G1164,18-may-18,5788347.978,5688473.51,91,1139,-5.28,-33.50,8.74
G1167,07-mar-18,5789315.6,5691115.23,84.96,,-5.73,-33.50,12.34
G1167,03-dic-19,5789315.6,5691115.23,84.96,,-5.57,-30.60,13.96
G1169,03-dic-19,5777522.31,5693255.47,58.5,8.12,-5.86,-32.70,14.18
G117,29-ene-08,5780346.44,5622374.61,82.13403458,,-4.88,-27.63,11.41
G117,16-nov-10,5780346.44,5622374.61,82.13403458,,-4.81,-28.33,10.15
G117,06-may-08,5780346.44,5622374.61,82.13403458,1063,-4.60,-31.00,5.80
G1170,03-dic-19,5778745.34,5690521.59,47.7,8.23,-5.98,-33.50,14.34
G1171,10-mar-20,5776766.35,5686423.55,50.25,,-6.01,-33.90,14.18
G1171,03-dic-19,5776766.35,5686423.55,50.25,7.85,-5.73,-32.80,13.04
G1171,10-mar-21,5776766.35,5686423.55,50.25,,-5.68,-33.40,12.04
G1171,19-sep-20,5776766.35,5686423.55,50.25,,-5.20,-29.40,12.20
G129,06-dic-05,5821451.886,5596387.737,216.240106,570,-5.90,-35.00,12.20
G1300,31-ago-16,5795458.303,5690788.466,88.332596,,-5.06,-28.30,12.18
G1302,16-nov-16,5795408.462,5690409.519,81.972147,890,-5.58,-32.00,12.66
G1302,16-nov-15,5795408.462,5690409.519,81.972147,,-5.54,-32.40,11.92
G1302,15-nov-16,5795408.462,5690409.519,81.972147,,-5.54,-32.40,11.92
G1303,25-nov-16,5799307.954,5695910.098,87.672261,941,-5.91,-33.70,13.58
G1304,25-nov-16,5794191.095,5697744.079,101.65017,675,-5.55,-32.10,12.30
G1304,26-nov-16,5794191.095,5697744.079,101.65017,,-5.55,-33.70,10.70
G1305,03-jul-18,5802535.745,5673219.435,121.264185,,-5.56,-32.30,12.18
G1305,03-jul-17,5802535.745,5673219.435,121.264185,870,-5.32,-34.00,8.56
G1306,03-jul-18,5892910.876,5676029.945,29.77269,,-5.37,-31.60,11.36
G1306,03-jul-17,5892910.876,5676029.945,29.77269,1100,-5.19,-33.40,8.12
G1307,04-jul-18,5808241.778,5677092.951,121.373099,,-5.49,-30.50,13.42
G1307,04-jul-17,5808241.778,5677092.951,121.373099,1040,-5.17,-33.30,8.06
G1308,03-jul-18,5802440.199,5677213.552,95.672494,,-5.66,-33.20,12.08
G1308,03-jul-17,5802440.199,5677213.552,95.672494,900,-5.22,-34.40,7.36
G1309,04-jul-18,5806018.042,5675504.214,89.213756,,-5.49,-30.60,13.32
G1309,04-jul-17,5806018.042,5675504.214,89.213756,660,-4.85,-31.90,6.90
G1310,26-oct-17,5834908.714,5716486.015,13,2436,-5.00,-28.26,11.73
G1311,26-oct-17,5838251.501,5716540.816,9.302801501,6550,-5.46,-31.16,12.50
G1311,20-oct-17,5838251.501,5716540.816,9.302801501,,-5.15,-31.00,10.20
G1312,26-oct-17,5832161.503,5719905.895,11.21337313,1787,-4.02,-23.45,8.67
G1313,26-oct-17,5829317.302,5725350.955,4.018028152,3900,-5.00,-29.07,10.90
G1314,02-nov-17,5836224.735,5711518.872,20.39463527,2022,-3.77,-23.20,6.96
G1315,02-nov-17,5832538.917,5713240.895,13.87499996,2788,-4.56,-28.00,8.48
G1316,02-nov-17,5833930.492,5723659.526,10.86937448,1797,-4.54,-27.00,9.32
G132,17-ago-06,5797445.412,5615210.279,124.5953537,870,-6.00,-36.00,12.00
G134,09-dic-05,5781413.707,5625484.442,81.99281086,,-6.10,-35.00,13.80
G134,12-dic-05,5781413.707,5625484.442,81.99281086,1140,-6.10,-35.00,13.80
G1341,24-abr-18,5775883.213,5676137.721,55.411747,1469,-5.03,-30.00,10.24
G1341,29-sep-18,5775883.213,5676137.721,55.411747,,-4.96,-29.70,9.98
G1341,19-oct-17,5775883.213,5676137.721,55.411747,,-4.67,-29.80,7.56
G1342,16-feb-17,5775881.296,5676135.178,55.329517,,-5.05,-30.50,9.90
G1342,24-abr-18,5775881.296,5676135.178,55.329517,1278,-4.80,-29.00,9.40
G1343,24-abr-18,5775879.585,5676132.743,55.248411,2855,-5.43,-31.50,11.94
G138,09-dic-05,5792030.207,5619479.523,112.5351864,780,-5.70,-37.00,8.60
G142,09-dic-05,5796058.684,5624201.077,145.5375345,780,-5.80,-36.00,10.40
G147,13-dic-05,5768592.815,5625411.211,57.41480553,1340,-5.20,-34.00,7.60
G150,06-ene-06,5777026.04,5610873.029,80.33090213,880,-5.60,-36.00,8.80
G1500,01-abr-09,5791267.265,5715027.04,10.11,,-4.92,-22.95,16.41
G1507,03-abr-09,5789557.353,5715784.819,16.25,,-3.93,-22.59,8.85
G1515,03-abr-09,5789528.304,5715680.089,18.64,,-4.42,-24.50,10.86
G153,11-ene-06,5758997.261,5622544.108,43.77025937,1257,-4.40,-28.00,7.20
G1533,03-abr-09,5789914.664,5712442.067,20,,-5.23,-27.67,14.17
G1533,22-ene-10,5789914.664,5712442.067,20,1609,-5.23,-27.67,14.17
G1539,08-abr-09,5789693.6,5712095.215,20,,-5.43,-28.73,14.71
G1539,22-ene-10,5789693.6,5712095.215,20,1391,-5.43,-28.73,14.71
G1559,03-abr-09,5791783.592,5712484.758,17.05,,-4.69,-25.16,12.36
G156,24-sep-14,5781196.211,5600618.215,93.52050164,,-8.67,-60.03,9.33
G156,25-ene-07,5781196.211,5600618.215,93.52050164,1090,-5.80,-34.00,12.40
G156,11-ene-06,5781196.211,5600618.215,93.52050164,930,-5.60,-33.00,11.80
G156,06-may-08,5781196.211,5600618.215,93.52050164,720,-5.50,-35.00,9.00
G156,03-may-06,5781196.211,5600618.215,93.52050164,720,-5.40,-34.00,9.20
G156,17-feb-08,5781196.211,5600618.215,93.52050164,,-5.37,-30.08,12.89
G156,23-abr-08,5781196.211,5600618.215,93.52050164,1232,-5.28,-29.00,13.24
G1561,07-abr-09,5788101.247,5713139.552,20.2,,-5.08,-27.44,13.20
G1562,03-abr-09,5788297.709,5712801.216,23.93,,-5.55,-26.34,18.06
G1565,13-abr-09,5790525.573,5711464.674,20,,-5.70,-28.72,16.88
G1565,27-ene-10,5790525.573,5711464.674,20,1406,-5.70,-28.72,16.88
G1566,01-abr-09,5790222.389,5711159.432,21.5,,-4.96,-25.29,14.39
G1569,03-abr-09,5790379.983,5711866.258,18,,-5.19,-28.98,12.54
G1569,28-ene-10,5790379.983,5711866.258,18,1370,-5.19,-28.98,12.54
G157,15-dic-11,5786610.261,5600229.089,100.138637,1119,-5.08,-29.09,11.59
G1570,03-abr-09,5790059.117,5711543.085,20,,-5.57,-30.38,14.18
G1571,03-abr-09,5790411.302,5712477.249,19,,-5.25,-28.27,13.73
G1571,22-ene-10,5790411.302,5712477.249,19,1606,-5.25,-28.27,13.73
G1572,03-abr-09,5793745.828,5713437.009,14.83,,-4.74,-25.96,11.96
G1573,01-abr-09,5795074.153,5710705.664,23.3,,-4.41,-22.93,12.35
G1575,03-abr-09,5797790.521,5711540.396,20.5,,-3.70,-19.51,10.09
G1580,19-mar-09,5786931.786,5713978.078,14.28,,-4.94,-27.08,12.44
G1581,01-abr-09,5786563.955,5713481.285,12,,-5.28,-27.88,14.36
G1585,01-abr-09,5795120.989,5713269.728,16.5,,-4.42,-22.90,12.46
G1586,07-abr-09,5795261.006,5712828.833,18,,-4.60,-23.67,13.13
G1588,01-abr-09,5795973.804,5712750.859,17.86,,-4.52,-23.26,12.90
G1589,13-abr-09,5794326.762,5711835.603,19.46,,-5.00,-26.22,13.78
G1591,13-abr-09,5793751.845,5712686.761,17.98,,-4.69,-24.76,12.76
G1592,13-abr-09,5793460.637,5713116.768,17.2,,-4.73,-24.62,13.22
G1594,13-abr-09,5793534.685,5712209.296,18,,-5.07,-25.63,14.93
G1595,13-abr-09,5793161.663,5712413.556,18.15,,-5.28,-25.40,16.84
G1599,01-abr-09,5796690.304,5712417.004,19.85,,-4.92,-25.95,13.41
G1601,08-abr-09,5797440.418,5712057.24,20.62,,-4.34,-21.88,12.84
G1603,19-mar-09,5797876.966,5711942.06,19.8,,-3.44,-18.18,9.34
G1604,03-abr-09,5798081.101,5712324.784,20.42,,-3.46,-18.16,9.52
G1605,19-mar-09,5798250.832,5711891.944,20,,-3.48,-18.65,9.19
G1606,08-abr-09,5798549.925,5712235.794,20.73,,-4.13,-21.17,11.87
G1607,19-mar-09,5798650.505,5711820.501,21,,-3.83,-21.93,8.71
G1608,08-abr-09,5798970.606,5712150.169,20.0182516,,-4.06,-19.05,13.43
G1609,08-abr-09,5786961.3,5713526.315,12,,-5.31,-27.90,14.58
G1614,19-mar-09,5795744.036,5714394.661,14.18,,-4.41,-22.69,12.59
G1617,08-abr-09,5794991.748,5711893.654,20.96,,-5.18,-24.40,17.04
G1620,19-mar-09,5795821.468,5712186.579,20.38,,-4.30,-22.99,11.41
G1621,19-mar-09,5796115.012,5711755.015,21.06,,-4.57,-24.46,12.10
G1627,19-mar-09,5786042.683,5712657.865,17.54,,-4.88,-25.35,13.69
G1628,19-mar-09,5786261.121,5713026.108,13.86,,-5.28,-27.57,14.67
G1629,07-abr-09,5795935.64,5711271.359,24,,-4.34,-23.04,11.68
G1630,08-abr-09,5796266.744,5710835.367,26.8,,-4.57,-22.54,14.02
G1631,19-mar-09,5796614.254,5710318.634,23.6,,-4.11,-21.75,11.13
G1632,03-abr-09,5796904.941,5709866.412,27.5,,-4.49,-23.29,12.63
G1633,03-abr-09,5788889.075,5713388.7,22.22,,-4.88,-25.75,13.29
G1634,08-abr-09,5789065.262,5713842.323,19.33,,-4.57,-23.96,12.60
G1637,19-mar-09,5794279.234,5710762.803,21.74,,-4.81,-26.97,11.51
G1638,01-abr-09,5793048.986,5711861.662,19.5,,-5.05,-26.79,13.61
G1639,08-abr-09,5793679.063,5711647.329,18.92,,-4.98,-26.59,13.25
G1640,19-mar-09,5793969.759,5711218.542,20.81,,-5.43,-27.24,16.20
G1641,19-mar-09,5788822.869,5710347.159,23.66035642,,-5.02,-25.92,14.24
G1661,03-abr-09,5801348.963,5711277.457,23.1,,-3.92,-20.29,11.07
G1662,19-mar-09,5801713.48,5711203.368,24.2,,-4.39,-21.11,14.01
G1663,01-abr-09,5802070.709,5711130.75,25.1,,-3.69,-18.17,11.35
G1664,03-abr-09,5802445.957,5711018.563,24.82,,-3.65,-18.30,10.90
G1665,03-abr-09,5802870.346,5710932.641,25.2,,-3.51,-18.10,9.98
G1666,03-abr-09,5803294.054,5710848.016,26,,-3.39,-16.12,11.00
G1667,07-abr-09,5803698.462,5710795.485,26.1,,-3.12,-15.20,9.76
G1669,03-abr-09,5806416.625,5710445.723,24.09710785,,-5.31,-26.85,15.63
G1671,03-abr-09,5806196.816,5711116.209,26.36615546,,-5.22,-25.89,15.87
G1672,03-abr-09,5805782.768,5711173.846,24.3,,-4.51,-24.66,11.42
G1673,07-abr-09,5805461.051,5711490.622,22.7,,-4.15,-21.94,11.26
G1674,01-abr-09,5805177.63,5711771.643,22.3,,-3.87,-20.14,10.82
G1675,03-abr-09,5805290.113,5710997.441,21.00220972,,-4.05,-21.20,11.20
G168,12-ene-06,5736235.35,5619181.546,18.48735981,1110,-5.40,-34.00,9.20
G1686,03-abr-09,5800980.272,5709050.968,25.50372863,,-4.43,-19.72,15.72
G1687,03-abr-09,5800627.737,5708695.164,26.86591088,,-3.58,-18.02,10.62
G169,27-ene-06,5746413.03,5614348.799,36.01406646,830,-5.60,-34.00,10.80
G1690,03-abr-09,5799568.946,5707630.76,27.99536827,,-3.64,-18.38,10.74
G1692,08-abr-09,5804718.233,5708157.152,28.78241247,,-4.86,-26.15,12.73
G1693,03-abr-09,5804365.129,5707803.367,28.09414671,,-4.80,-26.93,11.47
G1694,07-abr-09,5804010.757,5707450.286,27.77294196,,-4.21,-22.57,11.11
G1695,03-abr-09,5803657.326,5707098.009,31.34609324,,-3.46,-20.02,7.66
G1696,13-abr-09,5803304.444,5706745.798,30.88524801,,-2.42,-13.02,6.34
G1697,01-abr-09,5802949.266,5706391.864,32.33354874,,-2.91,-13.12,10.16
G1698,03-abr-09,5805924.94,5711641.673,22.73,,-4.91,-25.38,13.90
G1699,03-abr-09,5806393.937,5712780.241,21.64,,-4.96,-25.46,14.22
G1700,03-abr-09,5805825.083,5712245.721,22.04,,-4.68,-25.38,12.06
G1702,03-abr-09,5806340.789,5712058.983,22.36,,-4.90,-25.31,13.89
G1704,01-abr-09,5806689.583,5712409.168,22.36,,-4.77,-25.62,12.54
G1705,03-abr-09,5807031.083,5712751.869,21.06,,-4.69,-25.65,11.87
G1706,19-mar-09,5807427.606,5713151.236,20.9,,-5.03,-26.03,14.21
G1707,01-abr-09,5789287.338,5711972.916,22,,-5.14,-27.99,13.13
G1708,01-abr-09,5788167.456,5711705.7,23.19,,-5.49,-26.33,17.59
G1715,07-abr-09,5790763.356,5705794.214,39.37,,-5.15,-28.23,12.97
G1719,01-abr-09,5791867.116,5704795.451,38.3,,-5.08,-27.56,13.08
G1720,13-abr-09,5791865.212,5705417.998,37.67158446,,-5.62,-28.62,16.34
G1729,13-abr-09,5798009.177,5711259.805,20.62,,-3.04,-15.83,8.49
G1736,13-abr-09,5793069.782,5704827.671,33.37,,-5.18,-30.20,11.24
G1737,13-abr-09,5793476.53,5704387.503,37.8,,-5.84,-29.00,17.72
G1739,13-abr-09,5792855.184,5711341.288,20.41,,-5.02,-27.04,13.12
G1741,01-abr-09,5811080.844,5709217.31,24.67,,-4.71,-25.26,12.42
G1742,08-abr-09,5811796.192,5709077.225,24.6,,-4.37,-22.79,12.17
G1743,19-mar-09,5812533.882,5708933.073,24.95,,-4.55,-25.61,10.79
G1744,03-abr-09,5813229.29,5708790.771,25.56,,-4.64,-24.67,12.45
G1745,19-mar-09,5809887.176,5708775.791,25.77,,-5.51,-29.23,14.85
G1749,08-abr-09,5791728.373,5711055.012,22.31,,-5.38,-27.84,15.20
G1751,19-mar-09,5792336.241,5707920.291,22.34069824,,-5.29,-28.88,13.44
G1759,08-abr-09,5795845.581,5709913.499,25.75,,-4.51,-22.90,13.18
G176,06-feb-06,5819319.915,5574294.074,220.3222933,520,-5.50,-35.00,9.00
G177,19-abr-11,5781362.164,5600626.887,93.21941795,1145,-5.78,-29.41,16.87
G177,11-abr-12,5781362.164,5600626.887,93.21941795,1065,-5.77,-30.05,16.11
G177,06-abr-18,5781362.164,5600626.887,93.21941795,840,-5.67,-32.50,12.86
G177,06-feb-19,5781362.164,5600626.887,93.21941795,,-5.67,-32.90,12.46
G177,22-nov-12,5781362.164,5600626.887,93.21941795,720,-5.54,-29.77,14.57
G1774,08-abr-09,5794485.716,5709633.076,25,,-4.66,-25.74,11.54
G1775,19-mar-09,5793918.046,5709892.049,24.4,,-5.18,-28.57,12.87
G1776,08-abr-09,5796169.208,5709435.897,28.58,,-4.00,-20.93,11.07
G178,06-abr-18,5781363.104,5600625.68,93.16870352,,-5.63,-32.60,12.44
G178,22-nov-12,5781363.104,5600625.68,93.16870352,1240,-5.58,-30.57,14.10
G178,11-abr-12,5781363.104,5600625.68,93.16870352,1216,-5.45,-30.89,12.75
G178,06-feb-19,5781363.104,5600625.68,93.16870352,,-5.45,-32.30,11.30
G178,25-abr-14,5781363.104,5600625.68,93.16870352,1216,-5.40,-29.74,13.49
G178,11-abr-11,5781363.104,5600625.68,93.16870352,,-5.39,-30.35,12.79
G1780,19-mar-09,5791723.35,5708476.355,27.4,,-5.72,-29.82,15.94
G1780,27-ene-10,5791723.35,5708476.355,27.4,1198,-5.72,-29.82,15.94
G1786,19-mar-09,5790204.86,5710281.232,24,,-5.59,-27.40,17.32
G1786,26-ene-10,5790204.86,5710281.232,24,1154,-5.59,-27.40,17.32
G179,06-abr-18,5781363.712,5600626.419,93.17570083,1396,-5.57,-32.40,12.16
G179,11-abr-12,5781363.712,5600626.419,93.17570083,1322,-5.56,-30.63,13.85
G179,25-abr-14,5781363.712,5600626.419,93.17570083,1324,-5.48,-28.43,15.43
G179,06-feb-19,5781363.712,5600626.419,93.17570083,,-5.48,-32.20,11.64
G179,22-nov-12,5781363.712,5600626.419,93.17570083,1362,-5.38,-29.23,13.83
G179,19-abr-11,5781363.712,5600626.419,93.17570083,1459,-5.21,-28.25,13.40
G1798,19-mar-09,5788248.586,5708210.993,29.35,,-5.77,-27.79,18.37
G1798,26-ene-10,5788248.586,5708210.993,29.35,1106,-5.77,-27.79,18.37
G1800,19-mar-09,5811654.17,5709784.852,22.78,,-4.52,-24.53,11.63
G1801,07-abr-09,5810975.209,5710023.902,22.95,,-5.08,-26.07,14.57
G1803,08-abr-09,5810129.189,5710223.395,22.54,,-5.24,-27.80,14.12
G1804,19-mar-09,5809708.487,5710861.589,19.78052994,,-5.20,-27.56,14.04
G1806,03-abr-09,5809708.487,5710861.589,19.78052994,,-5.05,-26.72,13.68
G1807,03-abr-09,5809374.837,5710175.34,21.98662955,,-5.04,-26.88,13.44
G1813,08-abr-09,5789844.495,5712750.711,0,,-5.43,-28.52,14.92
G1814,19-mar-09,5787618.477,5709608.971,28.2,,-5.19,-29.33,12.19
G1814,27-ene-10,5787618.477,5709608.971,28.2,1027,-5.19,-29.53,11.99
G1815,01-abr-09,5796733.153,5712959.688,18.1,,-3.74,-19.41,10.51
G1816,08-abr-09,5797010.488,5708984.175,28.74,,-4.41,-22.68,12.60
G182,23-mar-06,5752777.12,5601722.46,44.17793082,750,-5.30,-34.00,8.40
G1821,19-mar-09,5796403.563,5708664.435,28.55,,-3.53,-19.16,9.08
G1823,19-mar-09,5795406.08,5708268.822,30.3,,-5.17,-24.80,16.56
G1829,03-abr-09,5790639.815,5708112.886,30.5,,-5.16,-27.60,13.68
G1833,19-mar-09,5811129.242,5710867.309,21.23860026,,-5.10,-28.08,12.72
G1837,01-abr-09,5787360.112,5709270.537,31.37821985,,-4.89,-26.43,12.69
G184,23-mar-06,5759249.69,5581977.24,83.13113387,660,-5.30,-35.00,7.40
G184,28-oct-09,5759249.69,5581977.24,83.13113387,1000,-5.00,-30.11,9.87
G1841,08-jun-18,5791221,5713195,48,1966,-5.84,-31.70,15.02
G1842,08-jun-18,5791222,5713193,48,1697,-5.24,-30.20,11.72
G190,10-ago-06,5845456.002,5548032.396,235.2145921,614,-5.60,-34.00,10.80
G1900,30-nov-16,5804808.409,5662045.06,107.60276,,-5.60,-28.90,15.90
G1901,30-nov-16,5801721.057,5662174.682,122.003717,,-5.85,-32.10,14.70
G1902,30-nov-16,5811258.128,5665325.904,102.993615,,-5.60,-26.30,18.50
G1903,30-nov-16,5807851.3,5660249.042,111.652388,,-4.08,-32.10,0.54
G1904,30-jun-17,5836313.755,5633154.088,112.499115,,-5.67,-32.20,13.16
G1905,30-jun-17,5830386.017,5629297.341,130.912051,,-5.66,-32.60,12.68
G1906,30-jun-17,5830386.017,5629297.341,130.912051,,-5.99,-32.10,15.82
G1907,30-jun-17,5828188.003,5632512.513,128.172084,,-5.29,-36.40,5.92
G1908,30-jun-17,5827254.47,5642359.535,109.626529,,-5.77,-33.20,12.96
G1909,30-jun-17,5820026.77,5642959.769,113.677387,,-4.57,-33.40,3.16
G191,10-ago-06,5844402.809,5532897.6,229,782,-5.50,-34.00,10.00
G1910,30-jun-17,5823047.965,5649824.628,145.517719,,-4.66,-33.50,3.78
G192,10-ago-06,5831366.542,5514994.009,215.837671,782,-4.20,-30.00,3.60
G194,06-feb-19,5817927.261,5602543.552,176.3009622,,-5.97,-33.40,14.36
G194,19-abr-11,5817927.261,5602543.552,176.3009622,935,-5.62,-30.67,14.26
G194,11-abr-12,5817927.261,5602543.552,176.3009622,894,-5.58,-29.95,14.65
G194,21-nov-12,5817927.261,5602543.552,176.3009622,888,-5.53,-29.56,14.71
G194,20-nov-12,5817927.261,5602543.552,176.3009622,,-5.48,-29.42,14.41
G194,06-abr-18,5817927.261,5602543.552,176.3009622,989,-5.47,-33.00,10.76
G194,24-abr-13,5817927.261,5602543.552,176.3009622,,-5.46,-28.21,15.44
G194,25-abr-14,5817927.261,5602543.552,176.3009622,,-5.43,-29.77,13.63
G194,21-dic-11,5817927.261,5602543.552,176.3009622,903,-5.24,-29.16,12.73
G195,06-feb-19,5817926.959,5602543.059,176.2920533,,-5.83,-33.30,13.34
G195,19-abr-11,5817926.959,5602543.059,176.2920533,906,-5.69,-31.23,14.31
G195,06-abr-18,5817926.959,5602543.059,176.2920533,920,-5.69,-32.60,12.92
G195,24-abr-13,5817926.959,5602543.059,176.2920533,,-5.61,-29.80,15.11
G195,21-nov-12,5817926.959,5602543.059,176.2920533,839,-5.57,-29.99,14.58
G195,20-nov-12,5817926.959,5602543.059,176.2920533,,-5.50,-30.64,13.35
G195,11-abr-12,5817926.959,5602543.059,176.2920533,835,-5.33,-28.26,14.35
G195,21-dic-11,5817926.959,5602543.059,176.2920533,833,-5.25,-30.45,11.58
G196,06-feb-19,5817926.657,5602542.565,176.28319,,-5.88,-32.80,14.24
G196,19-abr-11,5817926.657,5602542.565,176.28319,954,-5.77,-30.10,16.05
G196,06-abr-18,5817926.657,5602542.565,176.28319,,-5.69,-32.50,13.02
G196,24-abr-14,5817926.657,5602542.565,176.28319,896,-5.64,-28.41,16.71
G196,21-nov-12,5817926.657,5602542.565,176.28319,887,-5.63,-30.57,14.47
G196,11-abr-12,5817926.657,5602542.565,176.28319,877,-5.57,-31.57,13.02
G196,20-nov-12,5817926.657,5602542.565,176.28319,,-5.48,-30.24,13.60
G196,21-dic-11,5817926.657,5602542.565,176.28319,860,-4.95,-29.59,10.03
G2000,15-sep-15,5768954,5566503,104,939,-5.45,-32.20,11.40
G2001,31-may-18,5768240,5564870,110,1129,-5.97,-34.00,13.76
G2001,08-mar-18,5768240,5564870,110,1108,-5.89,-32.20,14.92
G2001,17-ago-18,5768240,5564870,110,1308,-5.84,-33.20,13.52
G2001,16-nov-17,5768240,5564870,110,1101,-5.42,-32.90,10.46
G2001,15-sep-15,5768240,5564870,110,1092,-4.68,-25.70,11.74
G2002,15-sep-15,5775280,5561185,124,2250,-5.74,-32.90,13.02
G2004,16-sep-15,5793477,5500494,193,1186,-4.87,-30.30,8.66
G2005,16-sep-15,5803438,5510519,186,1337,-5.33,-31.70,10.94
G2005,15-sep-15,5803438,5510519,186,,-2.41,-14.30,4.98
G2006,16-sep-15,5797241,5514276,185,1061,-5.49,-32.10,11.82
G2006,23-nov-16,5797241,5514276,185,,-5.49,-32.10,11.82
G2008,17-sep-15,5769843,5556159,126,770,-5.11,-26.60,14.28
G2008,23-nov-16,5769843,5556159,126,,-5.11,-26.60,14.28
G201,26-oct-09,5767571.367,5576448.23,84.5854733,,-5.44,-31.46,12.09
G201,29-may-09,5767571.367,5576448.23,84.5854733,,-5.39,-29.82,13.29
G2010,24-feb-16,5763359,5557437,106,987,-5.38,-32.20,10.84
G2011,24-feb-16,5765072,5558908,109,1134,-5.71,-32.10,13.58
G2011,09-mar-18,5765072,5558908,109,1281,-5.46,-33.00,10.68
G2011,31-may-18,5765072,5558908,109,1216,-5.40,-32.40,10.80
G2011,17-ago-18,5765072,5558908,109,1214,-5.40,-32.00,11.20
G2011,16-nov-17,5765072,5558908,109,1290,-5.14,-32.70,8.42
G2012,24-feb-16,5768830,5559448,119,1458,-5.76,-32.00,14.08
G2013,17-ago-18,5766591,5550435,121,905,-4.84,-28.60,10.12
G2013,24-feb-16,5766591,5550435,121,840,-4.81,-27.00,11.48
G2013,08-mar-18,5766591,5550435,121,925,-4.76,-28.90,9.18
G2013,01-jun-18,5766591,5550435,121,880,-4.75,-27.80,10.20
G2013,16-nov-17,5766591,5550435,121,932,-4.68,-28.40,9.04
G2014,24-feb-16,5769487,5551311,125,1073,-5.08,-30.00,10.64
G2015,24-feb-16,5774597,5539629,137,752,-5.02,-30.50,9.66
G2016,31-may-18,5774040,5541861,137,817,-5.82,-33.10,13.46
G2016,24-feb-16,5774040,5541861,137,730,-5.60,-33.00,11.80
G2016,23-nov-16,5774040,5541861,137,,-5.60,-33.00,11.80
G2016,17-ago-18,5774040,5541861,137,832,-5.49,-32.80,11.12
G2016,09-mar-18,5774040,5541861,137,866,-5.46,-32.90,10.78
G2018,31-may-18,5778589,5546160,140,786,-5.90,-34.40,12.80
G2018,09-mar-18,5778589,5546160,140,795,-5.75,-33.90,12.10
G2018,17-ago-18,5778589,5546160,140,803,-5.69,-33.60,11.92
G2018,16-nov-17,5778589,5546160,140,799,-5.61,-33.60,11.28
G2019,25-feb-16,5779065,5539510,141,1022,-5.31,-31.10,11.38
G202,28-oct-09,5764188.954,5576727.509,92.24855416,890,-5.00,-29.19,10.82
G2022,09-mar-18,5781354,5533943,152,948,-5.43,-31.10,12.34
G2022,31-may-18,5781354,5533943,152,777,-5.13,-28.90,12.14
G2022,25-feb-16,5781354,5533943,152,802,-4.83,-27.90,10.74
G2022,16-ago-18,5781354,5533943,152,830,-4.49,-25.90,10.02
G2022,26-feb-16,5781354,5533943,152,,0.34,1.80,-0.92
G2024,26-feb-16,5780181,5529437,147,1701,-1.05,-7.30,1.10
G2025,26-feb-16,5787809,5531215,157,873,-4.66,-30.00,7.28
G2026,26-feb-16,5784745,5525508,157,892,-5.64,-33.00,12.12
G2028,22-nov-16,5762771,5562755,125.2412819,1140,-5.53,-32.50,11.74
G2028,23-nov-16,5762771,5562755,125.2412819,,-5.53,-32.50,11.74
G2029,22-nov-16,5761971,5554338,108.2682965,667,-5.37,-33.60,9.36
G2029,23-nov-16,5761971,5554338,108.2682965,,-5.37,-33.60,9.36
G203,25-ene-07,5774430.395,5585051.93,93.79716727,1020,-5.20,-31.00,10.60
G203,28-oct-09,5774430.395,5585051.93,93.79716727,1088,-5.09,-29.76,10.95
G2030,16-nov-17,5765569,5540840,124.883347,188,-7.34,-43.40,15.32
G2030,22-nov-16,5765569,5540840,124.883347,790,-5.51,-32.00,12.08
G2030,23-nov-16,5765569,5540840,124.883347,,-5.51,-32.00,12.08
G2031,23-nov-16,5770474,5511126,144.1876949,978,-5.55,-31.80,12.60
G2031,01-jun-18,5770474,5511126,144.1876949,1205,-5.50,-31.30,12.70
G2031,16-ago-18,5770474,5511126,144.1876949,1103,-5.43,-31.50,11.94
G2031,09-mar-18,5770474,5511126,144.1876949,1153,-5.33,-31.50,11.14
G2031,17-nov-17,5770474,5511126,144.1876949,1124,-5.14,-31.50,9.62
G2032,23-nov-16,5795506,5493162,201.7658186,771,-5.55,-32.40,12.00
G2033,23-nov-16,5798224,5497456,205.0865629,760,-5.94,-32.80,14.72
G2034,23-nov-16,5802399,5502419,209.0561484,909,-5.64,-33.50,11.62
G2034,09-mar-18,5802399,5502419,209.0561484,898,-5.51,-32.60,11.48
G2034,16-ago-18,5802399,5502419,209.0561484,1010,-5.43,-32.50,10.94
G2034,17-nov-17,5802399,5502419,209.0561484,1100,-5.33,-32.60,10.04
G2034,01-jun-18,5802399,5502419,209.0561484,1055,-4.54,-26.20,10.12
G2035,01-jun-18,5792373,5512509,190.0735161,863,-5.66,-32.50,12.78
G2035,23-nov-16,5792373,5512509,190.0735161,771,-5.59,-32.30,12.42
G2035,16-ago-18,5792373,5512509,190.0735161,872,-5.40,-32.50,10.70
G2035,17-nov-17,5792373,5512509,190.0735161,2040,-5.34,-31.50,11.22
G2035,09-mar-18,5792373,5512509,190.0735161,1955,-5.32,-31.90,10.66
G2036,08-mar-18,5761288,5568710,99.63114335,962,-5.66,-32.90,12.38
G2036,16-nov-17,5761288,5568710,99.63114335,955,-5.32,-32.20,10.36
G2036,17-ago-18,5761288,5568710,99.63114335,1317,-5.32,-30.60,11.96
G2036,23-nov-16,5761288,5568710,99.63114335,,-5.15,-33.60,7.60
G2036,24-nov-16,5761288,5568710,99.63114335,841,-5.15,-33.60,7.60
G2037,23-nov-16,5775786,5571756,105.0433241,,-6.11,-34.50,14.38
G2037,24-nov-16,5775786,5571756,105.0433241,1063,-6.11,-34.50,14.38
G2038,23-nov-16,5775325,5574703,98.36151476,,-5.74,-31.60,14.32
G2038,24-nov-16,5775325,5574703,98.36151476,1241,-5.74,-31.60,14.32
G2039,23-nov-16,5774969,5575145,98.33284194,,-5.93,-33.60,13.84
G2039,24-nov-16,5774969,5575145,98.33284194,1021,-5.93,-33.60,13.84
G204,27-oct-09,5781320.421,5600660.773,93.69476212,1170,-5.62,-32.39,12.56
G2040,16-ago-18,5804846,5509881,188,1462,-2.72,-17.10,4.66
G2040,09-mar-18,5804846,5509881,188,1501,-2.68,-17.10,4.34
G2040,17-nov-17,5804846,5509881,188,1535,-2.45,-15.30,4.30
G2041,17-ago-18,5770501,5557806,134,2024,-5.60,-32.60,12.20
G2041,08-mar-18,5770501,5557806,134,2226,-5.43,-32.30,11.14
G2041,16-nov-17,5770501,5557806,134,2036,-4.88,-31.50,7.54
G2041,01-jun-18,5770501,5557806,134,,2.43,11.30,-8.14
G2042,17-ago-18,5768170.65,5539692.74,139,1336,-5.41,-32.10,11.18
G2042,08-mar-18,5768170.65,5539692.74,139,687,-5.29,-32.00,10.32
G205,17-nov-10,5767615.121,5576398.689,84,,-5.16,-29.57,11.69
G207,22-mar-07,5768205.943,5572835.033,101.0041488,800,-5.70,-35.00,10.60
G209,22-mar-07,5767792.075,5572218.428,101.1856431,1047,-5.20,-32.00,9.60
G211,16-dic-11,5764805.344,5575782.732,79.95783137,1771,-5.33,-28.54,14.13
G211,28-oct-09,5764805.344,5575782.732,79.95783137,1670,-5.31,-28.58,13.86
G219,16-dic-11,5779020.857,5567033.404,115.2920793,1151,-4.02,-27.53,4.62
G220,07-jun-06,5773815.406,5570050.123,98.75565131,5520,-6.00,-37.00,11.00
G220,06-may-08,5773815.406,5570050.123,98.75565131,4340,-5.70,-39.00,6.60
G220,28-sep-06,5773815.406,5570050.123,98.75565131,5720,-5.60,-36.00,8.80
G220,28-ene-08,5773815.406,5570050.123,98.75565131,6835,-5.59,-34.83,9.89
G220,28-nov-06,5773815.406,5570050.123,98.75565131,4250,-5.50,-36.00,8.00
G220,18-nov-10,5773815.406,5570050.123,98.75565131,,-5.13,-32.67,8.36
G235,28-oct-09,5763869.731,5579452.042,79.45668872,1030,-5.17,-29.13,12.23
G236,28-oct-09,5762946.395,5582962.687,96.01237887,900,-5.23,-29.29,12.52
G237,28-oct-09,5764234.859,5585098.283,91.3278644,1110,-5.63,-31.01,14.02
G238,29-oct-09,5735922.812,5608977.016,19.80704102,1200,-5.10,-28.22,12.57
G239,29-oct-09,5735935.316,5608737.313,17.22890169,1030,-5.47,-30.78,13.02
G241,29-oct-09,5743218.283,5608198.104,20.96803203,1280,-5.07,-28.53,12.03
G242,29-oct-09,5752168.271,5594208.344,57.17084586,1060,-5.34,-29.14,13.60
G243,29-oct-09,5747376.444,5596750.848,39.71287103,1130,-4.98,-27.45,12.38
G251,18-feb-09,5731284.227,5619358.496,11.69266351,790,-5.23,-28.85,12.99
G252,18-feb-09,5733206.658,5625564.104,17.37579505,500,-5.44,-29.50,14.02
G253,19-feb-08,5732958.593,5626432.257,10.09569499,,-4.75,-29.07,8.93
G255,18-feb-09,5732974.057,5625841.451,19.24488358,410,-5.60,-32.08,12.72
G256,18-feb-09,5733968.472,5625961.231,20.77642169,410,-5.52,-31.87,12.31
G266,12-may-17,5749996.44,5616067.55,38.54410691,,-5.15,-33.40,7.80
G268,12-may-17,5762481.34,5612981.23,56.19610122,,-4.83,-31.60,7.04
G269,12-may-17,5758353.92,5622255.88,44.37650923,,-6.01,-30.20,17.88
G270,12-may-17,5773637.77,5629116.23,68.13484439,,-8.75,-54.90,15.10
G271,21-may-09,5746316.98,5634663.95,23.90520189,,-5.85,-29.79,17.04
G271,11-jul-17,5746316.98,5634663.95,23.90520189,,-4.19,-27.70,5.82
G272,11-jul-17,5738281.85,5627639.9,18.91388198,,-4.92,-31.50,7.86
G273,11-jul-17,5735437.13,5622486.38,16.8538831,,-4.61,-29.00,7.88
G275,11-jul-17,5737644.27,5620884.33,19.2877067,,-5.14,-32.80,8.32
G282,30-ago-17,5739969.23,5626986.873,22.18487871,,-6.32,-28.20,22.36
G282,10-abr-19,5739969.23,5626986.873,22.18487871,1652,-5.48,-31.00,12.84
G284,11-jul-17,5814424.023,5682005.329,58.4469547,,-5.23,-32.90,8.94
G290,23-feb-10,5765204.261,5572973.402,85.19259357,656,-5.30,-30.20,12.17
G291,03-abr-09,5762624.849,5571404.341,89.35080198,670,-5.06,-29.03,11.45
G292,03-abr-09,5762417.17,5570824.058,94.82955878,630,-5.19,-29.60,11.89
G294,03-abr-09,5817172.145,5674472.467,69.02910858,,-5.40,-31.01,12.17
G296,03-abr-09,5761729.926,5569709.848,94.91420954,790,-5.15,-30.39,10.78
G299,26-oct-09,5786455.839,5562704.433,123.7066962,1030,-5.21,-28.07,13.58
G300,26-oct-09,5781963.159,5557692.666,121.8297575,1000,-6.07,-33.61,14.91
G300,16-dic-11,5781963.159,5557692.666,121.8297575,1048,-5.19,-29.16,12.39
G3000,29-jun-09,5974069.177,5792152.61,1.808,10770,-4.50,-27.00,9.00
G3002,29-jun-09,5973729.757,5793335.184,2.055,770,-5.00,-29.00,11.00
G3003,29-jun-09,5973340.82,5794061.39,2.541,605,-4.30,-21.00,13.40
G3004,29-jun-09,5973151.604,5793358.086,2.548,1113,-5.30,-30.00,12.40
G3005,29-jun-09,5973008.695,5792836.217,2.014,2550,-5.70,-35.00,10.60
G3009,29-jun-09,5971691.394,5794807.101,2.547,459,-12.50,-94.00,6.00
G301,27-oct-09,5775764.018,5571795.157,103.4657391,1059,-5.62,-30.37,14.56
G3011,29-jun-09,5971351.78,5793624.309,1.853,12530,-4.80,-30.00,8.40
G3015,12-oct-17,5970773.184,5795023.075,1.886,,-3.60,-22.00,6.80
G3019,29-jun-09,5969654.474,5793871.383,1.71,10760,-10.40,-70.00,13.20
G302,27-oct-09,5786587.203,5562863.889,124.0296034,1330,-5.89,-34.37,12.73
G3022,29-jun-09,5968789.579,5794336.347,2.179,1515,-5.90,-36.00,11.20
G3023,29-jun-09,5969065.026,5794952.403,2.984,714,-5.70,-32.00,13.60
G3024,29-jun-09,5974558.063,5795584.134,2.313,680,-5.30,-30.00,12.40
G303,15-dic-11,5762914.989,5682156.379,15.48355698,1175,-4.79,-24.37,13.96
G3032,29-jun-09,5967433.371,5795625.698,1.643,652,-5.40,-31.00,12.20
G3037,29-jun-09,5965772.743,5795519.036,2.796,1623,-4.60,-25.00,11.80
G3038,29-jun-09,5965762.444,5795910.518,2.901,589,-6.80,-39.00,15.40
G304,15-dic-11,5763978.49,5682580.292,19.23045678,1293,-5.15,-27.17,14.03
G3040,29-jun-09,5967616.231,5795062.795,3.51,1777,-5.30,-30.00,12.40
G3042,29-jun-09,5969997.357,5794684.531,2.65,130,-5.20,-30.00,11.60
G3043,01-jun-11,5930917.486,5510511.438,138.6086507,,-5.08,-25.74,14.90
G3044,01-jun-11,5977939.33,5532260.232,79.97900164,,-4.72,-26.78,10.98
G3045,01-jun-11,5974288.072,5546071.509,78.13482345,,-4.81,-26.04,12.44
G3046,01-jun-11,5989369.353,5560994.039,54.53120483,,-5.17,-31.21,10.15
G3047,01-jun-11,5969049.312,5560041.537,64.0599475,,-4.90,-31.59,7.61
G3048,01-jun-11,5978256.83,5568931.555,55.98911798,,-4.34,-22.54,12.18
G3049,01-jun-11,5955365.034,5557184.031,79.34624627,,-5.01,-27.14,12.94
G305,15-dic-11,5764833.753,5683249.628,19.76559734,1027,-5.20,-27.60,14.00
G3050,01-jun-11,5935044.994,5552897.773,99.91633317,,-5.30,-30.00,12.40
G3051,01-jun-11,5909962.444,5549881.517,135.499948,,-5.30,-35.00,7.40
G3052,01-jun-11,5915201.204,5516385.2,162.9785223,,-5.30,-34.00,8.40
G3053,01-jun-11,5910756.195,5530672.728,165.3935379,,-5.60,-33.00,11.80
G3054,01-jun-11,5908533.691,5506542.68,173.1906145,,-5.50,-34.00,10.00
G3055,01-jun-11,5921074.966,5495271.408,164.4871341,,-5.40,-26.89,16.31
G3056,01-jun-11,5947745.019,5512416.442,114.3213194,,-5.30,-35.00,7.40
G3057,01-jun-11,5924408.723,5549722.766,117.2806372,,-5.00,-34.00,6.00
G3058,01-jun-11,5946792.517,5524322.716,110,,-5.00,-34.00,6.00
G3059,01-jun-11,5924726.223,5528926.475,138.73474,,-5.02,-26.74,13.42
G306,15-dic-11,5764342.906,5684670.108,20.68071819,1164,-5.43,-30.20,13.27
G3060,01-jun-11,5941395.007,5534323.986,109.8254596,,-5.02,-26.74,13.42
G3061,01-jun-11,5956158.786,5537816.493,89.75676876,,-4.80,-29.00,9.40
G3062,01-jun-11,5960445.045,5528926.475,91,,-5.07,-28.70,11.86
G3063,01-jun-11,5937062.352,5520734.758,123.392801,,-5.40,-31.00,12.20
G3065,01-jun-11,5956221.726,5515495.795,105.5384093,,-4.92,-23.66,15.70
G3066,01-jun-11,5939390.69,5502425.554,129.4173641,,-4.70,-32.00,5.60
G3067,01-jun-11,5933781.512,5538197.293,116.090342,,-5.32,-27.93,14.63
G3068,01-jun-11,5942625.423,5534813.725,109.5982761,,-3.56,-18.16,10.32
G3069,01-jun-11,5947546.683,5524256.828,108.0408904,,-5.80,-35.00,11.40
G307,16-dic-11,5763502.517,5685004.776,17.96697378,954,-5.36,-29.45,13.41
G3070,01-jun-11,5944689.177,5545132.495,99,,-5.00,-29.00,11.00
G3071,01-jun-11,5924150.66,5518935.587,146.4331127,,-5.20,-31.62,9.98
G3072,01-jun-11,5904783.121,5526132.268,215.4888973,,-5.90,-34.00,13.20
G3073,01-jun-11,5903089.784,5539678.962,170.1517266,,-5.30,-31.00,11.40
G3074,01-jun-11,5899597.277,5497557.211,189.1986246,,-5.60,-31.00,13.80
G3075,01-jun-11,5877160.566,5502743.055,255.0605368,,-6.10,-37.00,11.80
G3076,01-jun-11,5913249.804,5494064.704,187.035492,,-5.80,-36.00,10.40
G3077,01-jun-11,5887638.087,5504436.392,256.8172827,,-5.50,-36.00,8.00
G3078,01-jun-11,5871445.554,5501684.72,263.1099615,,-5.60,-33.00,11.80
G3079,01-jun-11,5889860.591,5494593.872,214.2300821,,-5.60,-33.00,11.80
G308,16-dic-11,5762558.009,5685510.497,14.63204093,1354,-4.35,-26.54,8.27
G3080,01-jun-11,5920023.151,5507611.398,151.7970975,,-5.60,-34.00,10.80
G3081,01-jun-11,5898750.609,5487820.525,221.8431288,,-5.60,-35.00,9.80
G3082,01-jun-11,5959240.187,5548690.046,80.13341759,,-5.80,-33.00,13.40
G3083,01-jun-11,5932511.51,5511738.906,133.4135719,,-5.08,-29.46,11.18
G3084,01-jun-11,5931664.841,5528989.774,131.0175519,,-5.75,-33.10,12.90
G3086,01-jun-11,5971766.028,5575490.186,56.21788286,,-6.00,-36.00,12.00
G3087,01-jun-11,5981782.732,5552976.304,63.04139033,,-5.40,-28.00,15.20
G309,16-dic-11,5765689.016,5683755.349,20.62970761,1060,-4.33,-23.91,10.72
G3092,01-jun-11,6004140.069,5531888.97,57.33021078,,-5.24,-27.05,14.87
G3093,01-jun-11,6014948.981,5577418.341,36.18563183,,-4.16,-23.43,9.85
G3094,01-jun-11,6020611.076,5594940.407,31,,-5.37,-26.90,16.06
G3095,01-jun-11,6005791.329,5563766.584,41.36504801,,-4.98,-25.56,14.28
G3096,01-jun-11,6000312.004,5566271.002,47.09791189,,-4.95,-25.67,13.93
G3097,01-jun-11,6001242.327,5621997.341,23.33653787,,-3.77,-21.85,8.31
G3098,01-jun-11,6009987.361,5587389.331,35.56564543,,-4.62,-23.85,13.11
G3099,11-oct-17,5840578.616,5703765.63,27.28829222,3210,-4.58,-27.60,9.04
G310,16-dic-11,5765547.711,5685265.074,20.06932153,945,-5.44,-30.42,13.10
G3100,11-oct-17,5851622.546,5701441.737,26.6391851,3900,-4.73,-27.80,10.04
G3101,11-oct-17,5861663.447,5699982.812,22.56762359,3690,-4.89,-29.90,9.22
G3102,11-oct-17,5873813.395,5701525.791,19.89842275,5.87,-4.94,-30.60,8.92
G3103,11-oct-17,5856943.825,5698262.899,27.05509202,1871,-4.55,-27.80,8.60
G3104,11-oct-17,5858038.58,5697764.676,25.98830404,2855,-5.20,-31.50,10.10
G3106,12-oct-17,5883375.853,5695852.758,22.91520368,2410,-4.57,-26.50,10.06
G3107,12-oct-17,5887898.029,5694811.914,19.77978772,9530,-2.90,-19.90,3.30
G3108,12-oct-17,5894030.692,5693351.939,21.34831704,3920,-4.92,-28.70,10.66
G3109,12-oct-17,5894511.847,5707153.682,13.53873755,3820,-2.67,-17.30,4.06
G311,16-dic-11,5766633.523,5685569.994,24.99789607,914,-4.57,-27.32,9.24
G3110,30-nov-14,5881789.255,5775631.749,5.388739302,4740,-4.60,-25.00,11.80
G3111,30-nov-14,5884489.938,5775606.095,10.28514103,1208,-4.80,-26.00,12.40
G3112,30-nov-14,5884195.633,5772628.553,8,1092,-4.10,-22.00,10.80
G3113,30-nov-14,5891498.55,5777140.657,3,1234,-3.90,-21.00,10.20
G3114,30-nov-14,5896847.064,5780223.839,2.876679026,752,-3.90,-19.00,12.20
G3115,30-nov-14,5896384.073,5785023.332,5.242121281,1095,-4.80,-26.00,12.40
G3116,30-nov-14,5887902.298,5779580.656,7.585609895,6080,-4.40,-25.00,10.20
G3117,30-nov-14,5892131.96,5782131.926,9.043078946,1015,-4.40,-23.00,12.20
G3118,30-nov-14,5885266.747,5777672.621,9.24731214,3513,-4.70,-26.00,11.60
G3119,30-mar-12,5889833.614,5776682.442,5.742242203,1525,-4.10,-21.00,11.80
G3119,30-nov-14,5889833.614,5776682.442,5.742242203,2116,-3.60,-17.00,11.80
G3120,30-mar-12,5896402.42,5781270.354,3,514,-4.90,-27.00,12.20
G3120,30-nov-14,5896402.42,5781270.354,3,514,-4.80,-26.00,12.40
G3121,30-mar-12,5888297.412,5779690.295,4.760963651,962,-5.30,-29.00,13.40
G3121,30-nov-14,5888297.412,5779690.295,4.760963651,935,-4.90,-26.00,13.20
G3122,30-mar-12,5889259.377,5778057.297,15.17696783,1544,-5.00,-27.00,13.00
G3122,30-nov-14,5889259.377,5778057.297,15.17696783,573,-4.70,-26.00,11.60
G3123,30-nov-14,5889194.98,5779048.703,20,614,-6.70,-42.00,11.60
G3123,30-mar-12,5889194.98,5779048.703,20,680,-5.70,-30.00,15.60
G3124,30-mar-12,5888906.323,5776839.389,14.74753288,1544,-5.00,-27.00,13.00
G3124,30-nov-14,5888906.323,5776839.389,14.74753288,1602,-4.60,-25.00,11.80
G3125,30-mar-12,5892175.778,5780396.76,13,409,-6.50,-39.00,13.00
G3125,30-nov-14,5892175.778,5780396.76,13,483,-4.60,-24.00,12.80
G3127,30-mar-12,5892176.842,5780394.79,13,538,-5.80,-33.00,13.40
G3127,30-nov-14,5892176.842,5780394.79,13,539,-5.00,-27.00,13.00
G3128,30-mar-12,5890700.29,5781357.603,6.218895676,751,-4.80,-27.00,11.40
G3128,30-nov-14,5890700.29,5781357.603,6.218895676,709,-4.70,-25.00,12.60
G3129,30-mar-12,5889680.99,5776916.961,12.85443074,1293,-5.10,-28.00,12.80
G3129,30-nov-14,5889680.99,5776916.961,12.85443074,1404,-4.60,-25.00,11.80
G3130,30-nov-14,5896536.632,5783236.485,13.64761261,581,-5.30,-26.00,16.40
G3130,30-mar-12,5896536.632,5783236.485,13.64761261,487,-5.10,-28.00,12.80
G3131,30-mar-12,5888020.03,5777789.773,16,407,-5.30,-29.00,13.40
G3131,30-nov-14,5888020.03,5777789.773,16,516,-5.30,-28.00,14.40
G3132,30-mar-12,5887478.001,5779095.548,9.495173049,587,-5.10,-28.00,12.80
G3133,30-mar-12,5886129.175,5775831.219,14.26988069,316,-4.90,-28.00,11.20
G3133,30-nov-14,5886129.175,5775831.219,14.26988069,345,-4.80,-26.00,12.40
G3134,30-mar-12,5896544.911,5781705.486,8.394547982,335,-5.00,-26.00,14.00
G3134,30-nov-14,5896544.911,5781705.486,8.394547982,354,-4.80,-25.00,13.40
G3135,30-mar-12,5883588.252,5776535.929,7.325154492,787,-4.50,-25.00,11.00
G3135,30-nov-14,5883588.252,5776535.929,7.325154492,1071,-4.10,-22.00,10.80
G3136,30-nov-14,5882239.35,5774384.198,18.57424169,906,-5.10,-27.00,13.80
G3136,30-mar-12,5882239.35,5774384.198,18.57424169,720,-5.00,-27.00,13.00
G3137,30-mar-12,5881708.224,5775470.956,4.378303756,1458,-4.90,-27.00,12.20
G3137,30-nov-14,5881708.224,5775470.956,4.378303756,1482,-4.60,-24.00,12.80
G3138,30-mar-12,5881954.884,5771761.485,11,648,-5.10,-28.00,12.80
G3138,30-nov-14,5881954.884,5771761.485,11,700,-5.10,-28.00,12.80
G3139,30-mar-12,5896332.53,5784689.209,7.53564094,298.5,-5.10,-28.00,12.80
G3139,30-nov-14,5896332.53,5784689.209,7.53564094,334.4,-4.90,-26.00,13.20
G3140,30-mar-12,5892287.339,5778767.905,7.824270717,326,-5.50,-31.00,13.00
G3140,30-nov-14,5892287.339,5778767.905,7.824270717,393,-5.50,-29.00,15.00
G3144,28-mar-14,6118019.713,5627716.218,27.58787658,,-7.03,-43.50,12.74
G3147,27-mar-14,6118771.687,5603850.345,36.21446816,,-5.91,-30.40,16.88
G3148,26-mar-14,6133442.999,5588545.446,39.52418511,,-10.26,-65.30,16.78
G3150,26-mar-14,6148477.35,5597372.103,34.48773885,,-6.83,-38.80,15.84
G3152,11-abr-14,6163664.077,5636264.324,29.67682256,,-4.74,-25.30,12.62
G3154,14-abr-14,6164759.539,5651055.171,5,,-4.03,-23.80,8.44
G3156,01-abr-14,6154341.176,5646960.843,17.38251878,,-4.59,-24.90,11.82
G3158,21-abr-14,6142953.911,5647498.035,30.25966728,,-5.42,-28.90,14.46
G3159,21-abr-14,6142956.993,5647499.64,30.21069004,,-4.90,-25.40,13.80
G3160,03-abr-14,6134453.604,5637889.921,26.08374949,,-6.57,-41.10,11.46
G3162,27-mar-14,6151350.115,5607589.906,30.87094229,,-6.16,-31.90,17.38
G3163,27-mar-14,6151351.282,5607594.497,30.86698586,,-5.10,-26.30,14.50
G3164,28-mar-14,6139686.894,5604928.704,32.39687102,,-6.13,-32.00,17.04
G3165,28-mar-14,6139686.831,5604934.189,33.01733758,,-5.87,-30.50,16.46
G3166,27-mar-14,6127639.438,5614320.323,30.99456726,,-5.70,-29.70,15.90
G3167,27-mar-14,6127644.985,5614320.393,30.86285683,,-5.48,-32.10,11.74
G3168,31-mar-14,6137644.912,5619161.211,22.00832853,,-5.20,-26.20,15.40
G3169,31-mar-14,6137648.229,5619162.168,22.00018752,,-5.49,-27.00,16.92
G3170,01-abr-14,6152495.499,5626578.075,16.60632707,,-5.27,-27.90,14.26
G3171,01-abr-14,6152496.684,5626580.655,16.57135284,,-6.01,-28.70,19.38
G3172,04-abr-14,6146163.969,5636272.549,18.73818029,,-5.99,-31.40,16.52
G3173,04-abr-14,6146165.802,5636276.145,18.08654674,,-6.83,-40.80,13.84
G3174,11-mar-14,6143802.608,5623118.529,16.60911007,,-8.45,-50.40,17.20
G3175,28-mar-14,6118519.841,5619494.614,30.39265274,,-5.63,-29.00,16.04
G3176,28-abr-14,6118524.135,5619497.225,30.5143732,,-5.83,-33.60,13.04
G3177,28-mar-14,6128197.076,5610342.087,26.86983408,,-6.10,-31.20,17.60
G3178,28-mar-14,6128193.927,5610345.611,26.89365085,,-6.16,-35.70,13.58
G3179,26-mar-14,6137403.401,5597930.025,42.76839564,,-5.43,-29.00,14.44
G3180,26-mar-14,6137417.613,5597929.171,43.17345002,,-5.29,-28.10,14.22
G3181,21-abr-14,6145870.087,5612207.428,16.00470772,,-5.85,-29.70,17.10
G3182,27-mar-14,6145872.649,5612206.635,16.07014131,,-5.68,-28.10,17.34
G3183,03-abr-14,6153443.757,5620930.999,17.37585968,,-6.07,-31.70,16.86
G3184,03-abr-14,6153439.327,5620930.3,17.70000085,,-5.50,-28.20,15.80
G3185,04-abr-14,6128879.057,5632524.248,23.35370589,,-5.79,-26.00,20.32
G3186,04-abr-14,6128846.156,5632520.208,23.58013335,,-3.06,-12.90,11.58
G3187,03-abr-14,6134452.463,5623724.682,19.27594777,,-5.99,-31.70,16.22
G3188,16-abr-14,6134451.025,5623724.388,19.28989585,,-6.42,-31.10,20.26
G3189,16-abr-14,6141549.747,5630520.34,15.46319564,,-5.45,-27.90,15.70
G3190,16-abr-14,6141548.656,5630519.043,15.54581485,,-5.55,-29.90,14.50
G3191,03-abr-14,6136743.629,5643123.889,23.96634126,,-5.10,-23.80,17.00
G3192,03-abr-14,6136743.629,5643123.889,23.96634126,,-4.87,-23.30,15.66
G3193,01-abr-14,6158602.351,5629104.163,29.20540467,,-4.87,-26.10,12.86
G3194,15-abr-14,6155757.735,5635593.321,9.54471795,,-5.94,-29.80,17.72
G3195,15-abr-14,6155757.815,5635595.429,9.488893281,,-5.48,-27.80,16.04
G3196,15-abr-14,6149312.491,5642102.087,22.36598711,,-6.05,-31.50,16.90
G3197,15-abr-14,6149312.491,5642102.087,22.36598711,,-5.36,-28.60,14.28
G3198,14-abr-14,6161620.272,5644176.454,8.135269699,,-4.53,-24.30,11.94
G3199,14-abr-14,6161620.272,5644176.454,8.135269699,,-5.35,-26.40,16.40
G3200,26-mar-14,6126890.05,5591390.829,38.06281883,,-5.63,-28.70,16.34
G3201,26-mar-14,6126894.351,5591393.429,38.12546758,,-5.53,-31.80,12.44
G3203,21-abr-14,6142934.145,5621010.73,22,,-5.32,-25.70,16.86
G3204,21-abr-14,6142928.658,5621006.084,22,,-5.60,-25.80,19.00
G3205,09-abr-14,6164275.78,5648495.06,4.521483939,,-6.70,-39.30,14.30
G3206,09-abr-14,6164288.058,5648497.55,7.684161819,,-3.49,-18.10,9.82
G3207,04-abr-14,6146296.962,5637030.084,12.45934862,,-5.92,-28.20,19.16
G3208,15-abr-14,6147098.943,5637329.897,10.90717038,,-5.47,-26.50,17.26
G3209,15-abr-14,6149519.18,5623040.493,10.9980246,,-6.35,-37.40,13.40
G3210,15-abr-14,6149521.999,5623037.144,11.19888565,,-5.68,-29.30,16.14
G3211,31-mar-14,6136694.721,5615611.825,27.27568534,,-5.44,-27.30,16.22
G3212,31-mar-14,6136700.999,5615606.785,26.60632501,,-5.32,-27.50,15.06
G3213,11-abr-14,6159282.524,5640997.908,8.572350353,,-4.89,-26.90,12.22
G3214,11-abr-14,6159286.691,5641001.179,8.596792873,,-2.36,-15.00,3.88
G3239,01-abr-13,6147484.04,5646793.539,27.24085857,,-5.43,-26.60,16.84
G3242,14-abr-14,6161467.066,5651109.863,6.78569221,,-4.46,-26.00,9.68
G3263,09-abr-14,6165840.963,5648643.945,8.388265812,,-4.49,-26.70,9.22
G3268,11-abr-14,6141414.882,5634272.159,24.09688112,,-5.04,-25.30,15.02
G3273,31-mar-14,6137508.759,5630482.16,21,,-5.86,-30.10,16.78
G3274,14-abr-14,6161249.139,5647395.364,7.260257253,,-4.62,-25.70,11.26
G3277,14-abr-14,6161246.184,5647392.75,7.190081746,,-5.51,-30.30,13.78
G3283,03-abr-14,6151022.631,5626366.545,18.93237805,,-4.74,-26.50,11.42
G3289,09-abr-14,6163595.423,5634192.82,34.9365948,,-5.23,-24.80,17.04
G3296,09-abr-14,6161882.987,5626535.485,34,,-8.67,-56.10,13.26
G3301,09-abr-14,6161865.82,5626508.758,33.39253288,,-5.77,-30.10,16.06
G3428,07-jul-17,6188851.753,5618360.931,14.70682552,860,-5.56,-30.30,14.18
G3429,07-jul-17,6187624.777,5617968.992,17.6322964,830,-5.30,-29.70,12.70
G3430,07-jul-17,6187624.777,5617968.992,17.6322964,1310,-4.79,-26.70,11.65
G3431,07-jul-17,6184815.682,5623825.044,22.7316742,920,-4.80,-30.73,7.67
G3432,07-jul-17,6179526.417,5619979.029,24.36839919,820,-5.00,-30.70,9.30
G3433,12-jul-17,6173513.879,5622496.816,12.60118281,1110,-5.29,-30.10,12.22
G3434,12-jul-17,6182508.101,5627979.739,9.422446068,1820,-5.17,-30.10,11.26
G3436,12-jul-17,6193152.024,5593898.284,25.01884305,780,-5.18,-29.20,12.24
G3437,12-jul-17,6192225.615,5605677.532,21.77341954,700,-5.29,-30.30,12.02
G3438,12-jul-17,6191704.358,5605712.491,23.6015486,880,-4.94,-28.10,11.42
G3439,12-jul-17,6204585.362,5612983.423,18.01207826,870,-5.40,-30.50,12.70
G3440,19-jul-17,6181014.75,5583756.236,20.96537256,780,-5.09,-30.20,10.52
G3441,19-jul-17,6180962.8,5583707.3,22.16825305,1010,-5.46,-30.30,13.38
G3442,19-jul-17,6173324.876,5582350.484,29.26192804,1260,-5.73,-32.70,13.14
G3443,19-jul-17,6177294.926,5588991.73,23.85192184,870,-5.63,-31.00,14.04
G3444,19-jul-17,6177505.056,5588804.529,23.33948914,820,-5.36,-32.00,10.88
G3445,19-jul-17,6170838.362,5588148.727,33.42654566,950,-5.43,-30.80,12.64
G3446,19-jul-17,6173189.749,5597248.354,36.85763107,850,-5.63,-30.00,15.04
G3447,19-jul-17,6173152.48,5597246.179,35.95704225,670,-5.90,-31.80,15.40
G3448,19-jul-17,6170847.666,5600826.89,33.71963727,960,-5.64,-32.00,13.12
G3449,24-jul-17,6191420.612,5549140.23,48.21525403,840,-5.76,-30.80,15.28
G3450,24-jul-17,6190547.54,5550934.192,42.89267712,1070,-5.86,-32.10,14.78
G3451,24-jul-17,6154159.09,5527555.152,46.4235937,2110,-5.45,-32.70,10.90
G3452,02-ago-17,6127045.852,5566966.706,38.35176917,1880,-5.35,-31.70,11.10
G3453,02-ago-17,6135012.168,5593521.115,38.86209198,1780,-5.22,-32.80,8.96
G3454,02-ago-17,6134939.208,5593361.721,36.61794215,380,-1.39,6.50,17.62
G3455,02-ago-17,6139705.599,5595615.564,38.86148156,930,-5.31,-31.00,11.48
G3456,02-ago-17,6149502.195,5604933.176,33.2869898,860,-5.15,-30.30,10.90
G3457,02-ago-17,6166465.272,5627663.144,35.59091779,1110,-5.04,-29.40,10.92
G3458,02-ago-17,6166678.383,5627632.459,28.51788322,1070,-5.21,-29.10,12.58
G3459,10-ago-17,6160211.219,5547939.426,41.60644821,1270,-5.20,-31.10,10.50
G3460,10-ago-17,6160147.987,5547950.55,42.74889746,1180,-4.03,-26.00,6.24
G3461,10-ago-17,6157385.724,5563748.894,39.55268447,1000,-5.60,-32.40,12.40
G3462,10-ago-17,6161295.845,5548727.728,35.78898186,730,-5.42,-30.40,12.96
G3463,10-ago-17,6160954.544,5597641.358,28.74866425,1700,-5.35,-30.30,12.50
G3469,01-may-00,6265926.8,5414248.767,81.57623298,,-5.70,-34.00,11.60
G3470,01-may-00,6248043.279,5421892.505,82.77011305,,-5.60,-32.00,12.80
G3471,01-may-00,6258925.721,5417543.285,75,,-8.10,-52.00,12.80
G3472,01-may-00,6257938.423,5425879.477,69.10243971,,-9.40,-59.00,16.20
G3473,01-may-00,6257154.781,5426942.952,75,,-5.60,-39.00,5.80
G3474,01-may-00,6263946.239,5439367.676,80.14565414,,-5.70,-31.00,14.60
G3475,01-may-00,6248222.622,5440568.158,73.22274187,,-5.70,-34.00,11.60
G3476,01-may-00,6252815.138,5440539.406,64.42225557,,-9.30,-58.00,16.40
G3477,01-may-00,6250306.091,5444649.284,63.04645398,,-9.60,-62.00,14.80
G3478,01-may-00,6249266.353,5447472.509,58,,-9.40,-62.00,13.20
G3479,01-may-00,6235353.513,5451901.013,68.02277767,,-5.40,-32.00,11.20
G3480,01-may-00,6247694.428,5464153.634,72.26978143,,-5.70,-32.00,13.60
G3481,01-may-00,6240901.619,5477996.693,51.92738851,,-6.10,-35.00,13.80
G3482,01-may-00,6237438.996,5484016.381,49.81962924,,-6.10,-30.00,18.80
G3483,01-may-00,6235585.937,5481052.764,40.54521369,,-9.10,55.00,127.80
G3484,01-may-00,6232577.77,5489032.969,38.07269854,,-9.20,-60.00,13.60
G3485,01-may-00,6212669.495,5477689.399,61.58289422,,-9.30,-59.00,15.40
G3486,01-may-00,6229007.45,5461311.514,70.53216197,,-5.40,-32.00,11.20
G438,10-may-11,5832306.848,5721756.142,12.93305633,2010,-4.63,-24.77,12.27
G447,11-may-11,5833573.748,5692970.268,36.52453817,2052,-4.70,-25.02,12.58
G451,11-may-11,5832740.761,5683498.356,45.60978568,1327,-4.16,-21.89,11.39
G455,10-may-11,5842327.199,5705555.647,21.77596885,4130,-4.70,-27.23,10.37
G460,20-oct-16,5837209.202,5720649.944,9.611446489,,-3.31,-20.80,5.68
G460,26-oct-17,5837209.202,5720649.944,9.611446489,4210,-3.01,-18.02,6.04
G460,20-oct-17,5837209.202,5720649.944,9.611446489,,-1.73,-20.80,-6.96
G460,10-may-11,5837209.202,5720649.944,9.611446489,3652,-0.79,-2.56,3.76
G461,11-may-11,5834553.676,5699666.79,29.0674418,1818,-5.04,-27.39,12.93
G478,25-abr-14,5814105.981,5673619.472,99.76552709,,-5.40,-28.49,14.70
G4800,15-sep-19,5946949.723,5524348.812,107.16,762,-5.10,-28.00,12.80
G4801,15-sep-19,5956400,5537750,87.14,1012,-5.50,-32.00,12.00
G4802,15-sep-19,5969210.847,5559912.805,61.8,3800,-3.90,-25.00,6.20
G4803,15-sep-19,5978414.577,5568789.785,53.1,1519,-5.20,-31.00,10.60
G4804,15-sep-19,5971418.742,5575823.143,56.1,1219,-5.20,-30.00,11.60
G4805,15-sep-19,5971213.538,5575162.41,55.5,3730,-5.10,-30.00,10.80
G4806,15-sep-19,5989340.93,5561030.695,53.21,1546,-6.40,-41.00,10.20
G4807,15-sep-19,5974503.076,5545912.343,71.73,797,-5.50,-33.00,11.00
G4808,15-sep-19,5960596.516,5528853.888,92.26,3770,-5.30,-32.00,10.40
G4809,15-sep-19,5955904.679,5515359.997,103.6,856,-6.10,-38.00,10.80
G4810,15-sep-19,5948093.329,5512228.792,112.2,908,-5.20,-30.00,11.60
G4811,15-sep-19,5955573.522,5557152.951,77.2,1066,-5.10,-30.00,10.80
G4812,15-sep-19,5915480.84,5516103.535,159.71,771,-5.10,-30.00,10.80
G4813,15-sep-19,5876934.913,5502587.185,252.81,749,-5.50,-31.00,13.00
G4814,15-sep-19,5921490.03,5495109.305,164.427903,608,-5.20,-31.00,10.60
G4815,15-sep-19,5919721.442,5507334.344,153,1230,-5.10,-29.00,11.80
G4816,15-sep-19,5931331.4,5510401.954,133.473,892,-5.00,-30.00,10.00
G4817,15-sep-19,5931331.784,5510399.364,133.29,942,-4.80,-27.00,11.40
G4818,15-sep-19,5915478.355,5516106.216,160.16,696,-5.00,-28.00,12.00
G4819,15-sep-19,5921490.156,5495107.133,164.71,770,-5.20,-29.00,12.60
G4820,15-sep-19,5948089.32,5512233.215,112.23,1099,-5.30,-31.00,11.40
G4821,15-sep-19,5946946.265,5524348.457,107.25,974,-5.00,-29.00,11.00
G4822,15-sep-19,5956180,5537674,87.35,1112,-4.50,-26.00,10.00
G4823,15-sep-19,5960608.178,5528856.504,92.23,2910,-5.20,-33.00,8.60
G4824,15-sep-19,5974500.912,5545910.461,72.01,1803,-4.80,-29.00,9.40
G4825,15-sep-19,5989333.393,5561036.553,53.26,2790,-4.80,-30.00,8.40
G4826,15-sep-19,5969229.761,5559928.698,61.84,4000,-4.50,-28.00,8.00
G4827,15-sep-19,5978419.105,5568794.408,53.13,6870,-4.20,-26.00,7.60
G4828,15-sep-19,5955562.463,5557166.64,77.25,1258,-5.20,-29.00,12.60
G517,10-abr-19,5739663.324,5626434.109,20.99194211,1780,-5.38,-31.40,11.64
G518,10-abr-19,5742725.673,5622691.49,24.50247697,734,-5.50,-31.30,12.70
G519,10-abr-19,5752921.539,5620326.295,40,1438,-5.42,-30.70,12.66
G522,19-nov-08,5806070.983,5679645.283,96.82299966,890,-5.35,-28.31,14.49
G524,19-nov-08,5807878.078,5677043.226,114.7812208,1110,-4.93,-27.42,11.98
G527,19-nov-08,5803304.727,5675228.759,111.1343585,800,-6.00,-33.43,14.59
G532,19-nov-08,5807163.68,5676913.166,87.5903506,830,-5.29,-28.99,13.36
G534,31-ago-16,5794601.972,5693134.018,87.00748872,,-5.81,-32.70,13.78
G534,25-nov-16,5794601.972,5693134.018,87.00748872,1462,-5.32,-32.30,10.26
G536,10-abr-19,5752495.985,5620732.743,38.92343738,1396,-5.50,-30.70,13.30
G537,09-abr-15,5789767.993,5687816.442,116.934934,,-3.35,-18.40,8.40
G538,16-nov-16,5793649.67,5690260.731,74.86076498,941,-4.95,-30.90,8.70
G540,25-nov-16,5798124.63,5700918.774,58.00475651,790,-5.60,-14.80,30.00
G540,09-abr-15,5798124.63,5700918.774,58.00475651,,-3.60,-18.50,10.30
G540,20-nov-08,5798124.63,5700918.774,58.00475651,740,-3.26,-17.62,8.42
G540,21-may-09,5798124.63,5700918.774,58.00475651,,-3.26,-17.62,8.42
G543,25-nov-16,5792057.182,5684925.711,110.8108788,,-5.45,-28.10,15.50
G543,09-abr-15,5792057.182,5684925.711,110.8108788,,-4.67,-27.70,9.66
G548,10-abr-15,5804469.952,5695033.31,64.89156362,,-3.64,-21.70,7.42
G549,10-abr-15,5808929.17,5689177.285,57.92102855,,-4.85,-26.30,12.50
G549,10-oct-15,5808929.17,5689177.285,57.92102855,,-4.38,-27.70,7.34
G556,10-abr-19,5742676.775,5624706.666,22,1000,-5.56,-32.70,11.78
G559,14-abr-09,5807935.037,5680843.177,64.07601763,950,-3.20,-16.72,8.84
G560,03-abr-09,5799794.964,5680634.263,87.02595821,,-5.60,-28.40,16.42
G560,14-abr-09,5799794.964,5680634.263,87.02595821,740,-5.60,-28.40,16.42
G561,14-abr-09,5793650.971,5682212.75,85.13058649,650,-5.69,-30.37,15.16
G562,14-abr-09,5790892.503,5691150.679,77.91407672,597,-5.38,-29.77,13.28
G563,14-abr-09,5793426.958,5693473.476,68.84136258,730,-5.05,-28.08,12.32
G565,21-may-09,5806192.601,5678571.308,71.95959058,855,-0.35,-1.92,0.87
G567,21-may-09,5799617.792,5695986.14,88.90684175,760,-5.32,-28.55,14.01
G567,19-jun-09,5799617.792,5695986.14,88.90684175,,-5.32,-28.55,14.01
G568,21-may-09,5799301.654,5695794.788,79.17258049,740,-5.39,-29.83,13.29
G569,21-may-09,5799341.299,5694532.891,100.5361419,820,-5.61,-30.31,14.61
G570,21-may-09,5800093.662,5693237.909,88.32229626,670,-5.40,-29.76,13.44
G571,21-may-09,5801950.603,5692328.816,76.55952464,786,-5.67,-31.09,14.29
G572,21-may-09,5800956.658,5694972.272,127.3967215,850,-5.53,-28.08,16.17
G572,19-jun-09,5800956.658,5694972.272,127.3967215,,-5.53,-28.08,16.17
G573,03-jul-17,5797420.873,5697286.653,65.52062078,,-5.46,-33.20,10.48
G573,21-may-09,5797420.873,5697286.653,65.52062078,1440,-5.34,-28.60,14.14
G575,21-may-09,5799675.652,5700374.163,68.11467903,630,-2.79,-14.74,7.58
G575,13-mar-15,5799675.652,5700374.163,68.11467903,814,-1.34,-5.12,5.62
G576,19-jun-09,5798801.643,5677511.719,88.72419778,920,-5.34,-28.85,13.86
G577,19-abr-09,5779015.266,5710219.381,33.5,,-5.00,-27.50,12.49
G579,03-jul-17,5800881.087,5673075.09,115.3109072,770,-5.79,-33.50,12.82
G579,19-jun-09,5800881.087,5673075.09,115.3109072,752,-5.72,-31.90,13.83
G581,19-jun-09,5800498.288,5673805.348,138.1759809,680,-5.55,-27.90,16.50
G582,01-jun-09,5801771.239,5676014.064,104.9347078,,-5.26,-29.53,12.52
G582,19-jun-09,5801771.239,5676014.064,104.9347078,503,-5.26,-29.53,12.52
G582,03-jul-17,5801771.239,5676014.064,104.9347078,1110,-3.90,-31.80,-0.60
G583,30-sep-09,5793933.695,5692782.168,80.95623455,1420,-5.11,-27.88,13.01
G584,25-nov-16,5793852.479,5695393.963,77.95985427,750,-5.68,-30.40,15.04
G584,30-sep-09,5793852.479,5695393.963,77.95985427,740,-5.65,-29.81,15.43
G585,06-abr-11,5801336.566,5673257.888,108.69,755,-5.62,-31.37,13.55
G585,06-may-11,5801336.566,5673257.888,108.69,,-5.62,-31.37,13.55
G586,10-jun-11,5799542.062,5700512.998,57.548,718,-1.75,-10.32,3.64
G587,15-feb-12,5798847.884,5701150.275,60.0875247,796,-2.20,-10.61,6.97
G588,06-dic-17,5833184.627,5727478.965,4.519939554,1983,-2.86,-17.50,5.38
G588,14-oct-14,5833184.627,5727478.965,4.519939554,1676,-1.59,-14.50,-1.78
G589,13-mar-15,5796832.244,5697910.292,57.59861751,899,-5.76,-28.34,17.72
G589,25-nov-16,5796832.244,5697910.292,57.59861751,903,-4.95,-30.20,9.40
G590,25-abr-15,5794865,5696050,64.23497817,,-3.73,-26.50,3.34
G590,24-abr-15,5794865,5696050,64.23497817,,-3.64,-14.50,14.62
G591,24-abr-15,5795018.613,5696820.862,86.748252,,-6.81,-27.40,27.08
G591,13-mar-15,5795018.613,5696820.862,86.748252,685,-5.54,-30.20,14.13
G592,13-mar-15,5794829.18,5693382.564,82.71462739,875,-5.60,-29.91,14.89
G592,24-abr-15,5794829.18,5693382.564,82.71462739,,-4.76,-27.70,10.38
G596,24-abr-15,5836877.028,5717919.4,11.82413218,2510,-2.89,-16.40,6.72
G596,24-abr-16,5836877.028,5717919.4,11.82413218,,-2.74,-15.20,6.72
G598,25-nov-16,5803672.08,5700978.284,43.86386416,,-6.32,-29.80,20.76
G599,29-may-15,5805681.951,5706892.71,27.28012114,1038,-6.13,-24.90,24.14
G645,05-nov-10,5831359,5616963,183,,-5.22,-28.05,13.73
G701,18-abr-19,5774913.285,5638511.554,66.172113,,-4.72,-28.60,9.16
G702,10-abr-19,5772077.315,5635481.202,60.984156,,-5.12,-30.20,10.76
G703,10-abr-19,5768474.695,5640375.111,55.787422,1000,-5.42,-31.20,12.16
G704,10-abr-19,5789639.06,5641536.91,102.244965,,-5.54,-31.50,12.82
G705,10-abr-19,5788562.569,5642164.864,100.356277,,-4.17,-26.90,6.46
G706,26-ago-21,5781565.372,5642254.572,79.775673,,-5.96,-34.10,13.58
G706,10-abr-19,5781565.372,5642254.572,79.775673,,-5.34,-30.30,12.42
G707,26-ago-21,5784615.432,5635705.913,89.5177,,-5.92,-32.70,14.66
G710,26-ago-21,5797353.918,5641178.08,145.197586,,-5.90,-34.00,13.20
G720,26-ago-21,5750048.957,5644294.477,23.549932,,-4.70,-28.20,9.40
G723,26-ago-21,5744387.703,5646893.376,14.328988,,-5.25,-30.40,11.60
G725,26-ago-21,5756777.95,5644225.31,39.421605,,-4.96,-28.60,11.08
G726,26-ago-21,5760577.549,5641648.238,39.522692,,-5.52,-32.20,11.96
G727,26-ago-21,5767280.734,5640388.502,49.491739,,-5.80,-33.60,12.80
G732,21-oct-10,5829410.993,5637238.746,110.1909535,770,-5.13,-28.30,12.74
G733,21-oct-10,5831581.643,5636348.713,109.4082901,937,-5.40,-30.82,12.38
G734,21-oct-10,5832324.69,5634452.472,111.8761582,872,-5.14,-27.23,13.89
G735,05-nov-10,5820139.615,5649475.952,123.013864,580,-5.89,-30.90,16.22
G735,09-nov-10,5820139.615,5649475.952,123.013864,,-5.75,-28.69,17.31
G736,05-nov-10,5817202.21,5654544.021,100.9814384,880,-5.20,-26.87,14.73
G737,05-nov-10,5816137.334,5651931.157,108.1348863,790,-5.26,-28.44,13.64
G738,05-nov-10,5814782.627,5650305.649,111.540532,850,-5.36,-28.63,14.25
G739,05-nov-10,5819851.839,5649712.875,127.8240643,770,-5.44,-29.13,14.39
G740,28-oct-10,5820048.522,5648572.468,121.4956891,620,-5.38,-28.54,14.50
G741,28-oct-10,5822745.186,5644827.62,108.9046401,856,-5.45,-28.78,14.82
G742,28-oct-10,5825308.417,5643462.925,108.3791091,757,-5.24,-26.69,15.22
G743,28-oct-10,5829808.553,5632884.161,122,106.1,-5.55,-28.99,15.41
G744,28-oct-10,5826617.014,5627790.451,133.4670576,105.6,-5.47,-29.10,14.66
G745,05-nov-10,5819828.25,5649793.169,130.2377729,680,-5.55,-29.57,14.83
G746,07-dic-10,5894076.968,5687777.359,23.48021419,3830,-6.68,-42.54,10.92
G746,24-nov-11,5894076.968,5687777.359,23.48021419,,-4.39,-24.76,10.34
G747,07-dic-10,5893983.564,5689181.619,22.59630204,3200,-4.94,-26.15,13.40
G748,10-dic-10,5892506.722,5688439.356,25.96529313,,-4.09,-20.35,12.37
G749,10-dic-10,5895225.199,5689258.872,20.73849228,,-4.45,-22.58,12.98
G750,07-dic-10,5894210.6,5690739.14,18.63093839,2740,-4.85,-24.24,14.52
G751,14-dic-10,5805526.495,5668976.331,92.7539655,800,-5.70,-31.34,14.28
G752,14-dic-10,5804896.423,5666755.409,97.38901509,1620,-5.72,-28.70,17.09
G753,14-dic-10,5805439.049,5665379.838,106.0009455,1510,-5.40,-31.42,11.78
G754,14-dic-10,5802673.912,5665289.852,104.7003368,880,-5.12,-26.52,14.44
G755,14-dic-10,5805574.871,5664175.325,103.4166873,1410,-4.60,-25.17,11.66
G756,14-dic-10,5804808.806,5662045.163,109.9699864,1360,-5.11,-26.98,13.90
G757,14-dic-10,5807854.764,5660246.802,112.1958785,1340,-5.25,-28.21,13.82
G758,14-dic-10,5808684.797,5658022.932,119.5317315,1070,-4.91,-26.93,12.34
G759,14-dic-10,5812822.977,5657451.444,118.8871774,1100,-5.43,-29.69,13.73
G760,14-dic-10,5811544.917,5658765.31,122.4700046,1040,-5.63,-31.23,13.85
G761,21-feb-11,5806731.036,5670076.886,87.34272033,1090,-5.50,-32.00,11.97
G762,21-feb-11,5804789.263,5679728.151,91.24943168,940,-5.37,-28.81,14.18
G763,21-feb-11,5814132.182,5688105.368,51.01069128,1550,-4.14,-22.16,10.96
G764,22-feb-11,5813084.793,5689490.983,49.68953114,,-4.60,-24.10,12.74
G764,21-feb-11,5813084.793,5689490.983,49.68953114,1500,-4.60,-24.10,12.70
G765,21-feb-11,5808198.934,5691686.076,55.36525572,880,-5.20,-27.17,14.43
G766,21-feb-11,5807406.85,5680773.148,66.92685047,990,-3.51,-19.41,8.65
G766,15-nov-11,5807406.85,5680773.148,66.92685047,,-3.32,-16.40,10.13
G766,22-mar-12,5807406.85,5680773.148,66.92685047,,-1.99,-10.43,5.50
G767,21-feb-11,5805171.469,5683091.257,73.53277193,970,-5.53,-30.48,13.73
G768,22-feb-11,5803434.095,5685824.745,88.00391378,711,-5.05,-26.98,13.42
G768,21-feb-11,5803434.095,5685824.745,88.00391378,,-5.05,-26.98,13.41
G769,22-feb-11,5805030.998,5685217.561,68.0738466,596,-5.11,-27.40,13.52
G770,22-feb-11,5816269.88,5689327.021,47.7743407,1058,-5.02,-27.10,13.03
G771,22-feb-11,5816304.422,5690745.393,43.13620781,1308,-5.10,-27.00,13.81
G773,22-feb-11,5819921.878,5693359.728,39.23267499,1125,-4.55,-25.44,10.96
G773,21-feb-11,5819921.878,5693359.728,39.23267499,,-4.55,-25.44,10.95
G774,22-feb-11,5822658.616,5697754.474,37.43158553,1586,-4.92,-25.59,13.77
G774,21-feb-11,5822658.616,5697754.474,37.43158553,,-4.92,-25.59,13.77
G775,22-feb-11,5827345.289,5702996.516,28.06638462,2440,-4.71,-24.10,13.58
G776,23-feb-11,5813753.052,5709043.038,22.88520835,1205,-4.76,-25.65,12.43
G776,22-feb-11,5813753.052,5709043.038,22.88520835,,-4.76,-25.65,12.42
G777,23-feb-11,5817200.763,5708287.847,26.65381647,960,-4.70,-25.36,12.24
G778,22-mar-11,5799941.702,5712627.004,18.47781082,943,-3.94,-20.18,11.34
G779,22-mar-11,5801749.601,5711444.93,29.65522729,892,-3.78,-20.76,9.48
G780,22-mar-11,5810915.878,5708491.427,25.51790437,1145,-4.82,-25.17,13.39
G781,22-mar-11,5823775.808,5706963.178,24.51616401,1378,-5.12,-26.62,14.34
G782,10-may-11,5843760.234,5719868.117,12.90389941,1908,-4.10,-22.90,9.90
G783,10-may-11,5838822.722,5717524.093,12.29412515,4580,-4.11,-23.50,9.38
G784,10-may-11,5834246.587,5710833.983,21.51688866,3790,-5.31,-29.76,12.72
G785,10-may-11,5842330.199,5705555.743,23.42443634,3750,-5.09,-27.87,12.85
G786,08-nov-11,5829532.931,5705888.334,23.34729059,,-4.50,-21.16,14.87
G786,17-jul-14,5829532.931,5705888.334,23.34729059,,-4.45,-23.27,12.29
G786,30-nov-11,5829532.931,5705888.334,23.34729059,1916,-4.23,-21.75,12.06
G786,22-may-12,5829532.931,5705888.334,23.34729059,1874,-4.22,-22.20,11.58
G786,20-nov-12,5829532.931,5705888.334,23.34729059,1902,-4.06,-21.51,10.96
G787,17-jul-14,5829532.931,5705888.334,23.34729059,,-4.03,-20.94,11.33
G787,08-nov-11,5829532.931,5705888.334,23.34729059,,-3.28,-19.32,6.92
G787,22-may-12,5829532.931,5705888.334,23.34729059,2050,-3.14,-15.83,9.26
G787,20-nov-12,5829532.931,5705888.334,23.34729059,2040,-2.68,-16.25,5.18
G787,30-nov-11,5829532.931,5705888.334,23.34729059,2020,-2.60,-14.59,6.20
G788,17-jul-14,5829532.931,5705888.334,23.34729059,,-4.06,-20.98,11.49
G788,22-may-12,5829532.931,5705888.334,23.34729059,2130,-3.22,-17.99,7.78
G788,20-nov-12,5829532.931,5705888.334,23.34729059,2110,-2.79,-16.72,5.61
G788,08-nov-11,5829532.931,5705888.334,23.34729059,,-2.48,-14.00,5.86
G788,30-nov-11,5829532.931,5705888.334,23.34729059,2110,-2.12,-14.70,2.27
G789,11-may-11,5828403.066,5697158.792,31.01385174,1746,-4.93,-26.32,13.12
G790,11-may-11,5830993.277,5690222.313,41.39296144,419,-5.36,-28.55,14.33
G791,11-may-11,5827368.711,5682701.867,50.30777396,1204,-4.66,-23.87,13.41
G792,18-ago-11,5818812.78,5649351.333,118.1026781,574,-4.97,-25.14,14.62
G792,25-abr-14,5818812.78,5649351.333,118.1026781,781,-4.91,-27.26,11.99
G792,30-nov-11,5818812.78,5649351.333,118.1026781,781,-4.88,-22.42,16.64
G792,22-may-12,5818812.78,5649351.333,118.1026781,774,-4.74,-25.30,12.66
G792,20-nov-12,5818812.78,5649351.333,118.1026781,774,-4.59,-25.33,11.37
G792,06-abr-18,5818812.78,5649351.333,118.1026781,925,-4.57,-25.40,11.16
G792,27-oct-11,5818812.78,5649351.333,118.1026781,,-4.42,-23.72,11.64
G793,22-may-12,5818812.78,5649351.333,118.1026781,766,-4.54,-23.32,13.01
G793,25-abr-14,5818812.78,5649351.333,118.1026781,787,-4.20,-22.57,10.99
G793,18-ago-11,5818812.78,5649351.333,118.1026781,760,-4.11,-20.67,12.21
G793,30-nov-11,5818812.78,5649351.333,118.1026781,773,-4.02,-22.99,9.19
G793,20-nov-12,5818812.78,5649351.333,118.1026781,776,-3.99,-21.42,10.54
G793,06-abr-18,5818812.78,5649351.333,118.1026781,948,-3.62,-22.00,6.96
G793,27-oct-11,5818812.78,5649351.333,118.1026781,,-3.53,-21.12,7.13
G794,18-ago-11,5818812.78,5649351.333,118.1026781,767,-5.76,-29.22,16.86
G794,25-abr-14,5818812.78,5649351.333,118.1026781,762,-5.71,-30.86,14.78
G794,06-abr-18,5818812.78,5649351.333,118.1026781,3820,-5.70,-32.60,13.00
G794,27-oct-11,5818812.78,5649351.333,118.1026781,,-5.65,-30.28,14.91
G794,20-nov-12,5818812.78,5649351.333,118.1026781,763,-5.59,-28.91,15.84
G794,22-may-12,5818812.78,5649351.333,118.1026781,761,-5.56,-29.27,15.22
G794,30-nov-11,5818812.78,5649351.333,118.1026781,761,-5.20,-27.43,14.21
G796,15-jul-11,5851699.715,5701557.446,25.61144443,1755,-4.64,-24.95,12.17
G797,15-jul-11,5849818.438,5705088.96,23.76468069,3010,-0.91,-3.01,4.27
G798,15-jul-11,5858044.761,5703445.141,22.19321053,4840,-3.70,-19.68,9.92
G799,15-jul-11,5854515.323,5697757.476,27.81485425,4780,-4.32,-23.56,11.00
G800,15-jul-11,5852235.665,5701606.555,25.84808349,1874,-4.81,-25.47,13.01
G801,18-ago-11,5815015.195,5658301.385,113.2547698,635,-5.24,-28.68,13.28
G803,18-ago-11,5827495.945,5668542.69,67.59515138,1870,-4.50,-24.80,11.17
G804,18-ago-11,5838679.984,5677791.392,49,1798,-3.98,-23.52,8.33
G805,18-ago-11,5847071.004,5689234.697,33.98623418,3790,-4.29,-24.14,10.18
G823,13-oct-12,5840347.211,5733324.367,,,-3.87,-20.53,10.41
G827,10-nov-17,5868450,5489475,254.6992157,,-5.77,-31.40,14.76
G827,22-feb-16,5868450,5489475,254.6992157,,-5.51,-29.93,14.15
G827,30-mar-16,5868450,5489475,254.6992157,,-5.40,-32.10,11.10
G827,15-oct-15,5868450,5489475,254.6992157,,-5.37,-29.89,13.07
G827,15-jun-15,5868450,5489475,254.6992157,,-5.31,-29.38,13.10
G827,07-mar-18,5868450,5489475,254.6992157,,-5.02,-30.20,9.96
G827,24-ago-16,5868450,5489475,254.6992157,,-4.65,-28.10,9.10
G828,16-jun-15,5905747,5469588,187.3248114,849,-4.55,-23.90,12.50
G830,31-oct-19,5904546,5465078,184.974112,,-5.13,-29.30,11.74
G830,16-jun-15,5904546,5465078,184.974112,1340,-4.79,-25.00,13.32
G830,20-oct-17,5904546,5465078,184.974112,,-4.59,-28.10,8.62
G831,16-jun-15,5899930,5461205,191.6577435,1633,-5.08,-29.90,10.74
G832,16-jun-15,5892037,5463138,200.9091856,758,-6.64,-34.20,18.92
G834,16-jun-15,5886935,5469286,209.8714179,897,-5.49,-28.60,15.32
G835,16-jun-15,5874964,5470995,231.9676978,931,-3.89,-23.20,7.92
G836,16-jun-15,5869949,5474152,238.6604658,843,-5.00,-25.30,14.70
G837,16-jun-15,5883541,5485464,228.9054735,1241,-5.76,-30.30,15.78
G838,16-jun-15,5892653,5478101,212.9035077,793,-5.96,-29.80,17.88
G839,17-jun-15,5913782,5473603,172.2138801,737,-6.71,-31.60,22.08
G840,17-jun-15,5915544,5467716,171.3743856,706,-5.68,-29.20,16.24
G841,17-jun-15,5909663,5462126,181.8746771,861,-5.33,-26.20,16.44
G842,17-jun-15,5920858,5465229,176.7927917,676,-5.90,-31.50,15.70
G843,17-jun-15,5922431,5471320,164.8507348,681,-5.75,-30.20,15.80
G844,17-jun-15,5926450,5474032,164.1986308,838,-6.02,-31.10,17.06
G845,17-jun-15,5924387,5476921,156.630063,847,-5.92,-29.20,18.16
G846,17-jun-15,5921358,5479810,155.5875691,952,-5.83,-31.40,15.24
G848,11-oct-15,5914334,5487103,229.5458475,585,-5.15,-29.01,12.19
G849,18-feb-16,5923983,5480569,149.4871729,1593,-5.72,-29.89,15.87
G850,18-feb-16,5917476,5491919,184.8151485,742,-5.72,-29.51,16.25
G850,30-oct-19,5917476,5491919,184.8151485,,-5.64,-31.20,13.92
G851,19-abr-12,5864596,5585051,182.2941093,684,-5.54,-28.99,15.35
G852,19-abr-12,5866190,5588572,170,591,-5.61,-31.42,13.49
G853,19-abr-12,5867536,5591854,179.0565885,753,-5.47,-28.96,14.84
G854,19-abr-12,5863122,5583166,205.7764127,630,-5.52,-30.35,13.80
G855,19-abr-12,5863263,5587759,184.828419,721,-5.17,-28.95,12.45
G856,19-abr-12,5858343,5592255,194.0114606,743,-5.57,-30.33,14.23
G857,19-abr-12,5854710,5593662,185.2775328,646,-5.66,-29.83,15.47
G858,19-abr-12,5849992,5599535,169.6162209,780,-5.77,-29.03,17.15
G859,20-abr-12,5852314,5603363,157.1398441,706,-5.46,-28.36,15.28
G860,25-feb-16,5897885,5470864,197.6136412,763,-5.33,-29.16,13.48
G861,20-abr-12,5844398,5599343,168.914964,669,-5.62,-28.83,16.14
G862,20-abr-12,5844209,5599164,171.2921199,668,-5.66,-28.70,16.60
G863,25-feb-16,5893694,5466365,202.9968788,792,-4.90,-31.20,8.00
G864,25-feb-16,5884378,5456507,216.8938391,791,-5.38,-27.95,15.09
G865,18-feb-16,5883478,5463617,213.7049547,,-5.79,-30.24,16.11
G865,25-feb-16,5883478,5463617,213.7049547,913,-5.79,-30.24,16.08
G866,25-feb-16,5864841,5482556,249,1363,-4.40,-23.35,11.85
G867,25-feb-16,5879300,5481288,231.7416904,788,-5.33,-28.14,14.50
G868,25-feb-16,5874042,5487052,240.5002659,819,-5.11,-27.27,13.61
G868,19-jun-15,5874042,5487052,240.5002659,1215,-2.97,-16.79,6.93
G869,19-jun-15,5877681,5489989,237.9199999,1264,-5.56,-25.31,19.14
G869,25-feb-16,5877681,5489989,237.9199999,1004,-4.60,-24.28,12.52
G870,30-oct-19,5906796,5476615,244.0841992,,-5.68,-30.90,14.54
G870,27-feb-16,5906796,5476615,244.0841992,706,-5.30,-28.95,13.45
G870,14-ago-15,5906796,5476615,244.0841992,1002,-3.04,-15.27,9.04
G871,27-feb-16,5898227,5476970,212.0747414,670,-4.94,-28.60,10.92
G871,14-ago-15,5898227,5476970,212.0747414,1816,-3.72,-21.96,7.77
G872,14-ago-15,5898459,5487192,223.6554044,1154,-3.94,-22.51,9.01
G872,27-feb-16,5898459,5487192,223.6554044,738,-3.39,-26.20,0.92
G873,27-feb-16,5906906,5490020,209.1178699,694,-5.67,-29.73,15.63
G874,27-feb-16,5911042,5492089,205.6856144,722,-5.82,-29.62,16.94
G876,27-feb-16,5910526,5482733,217.6632427,825,-5.72,-30.99,14.77
G877,02-mar-16,5928122,5480287,145.433705,1280,-5.47,-28.51,15.25
G878,02-mar-16,5925867,5483442,143.7906514,847,-5.92,-31.00,16.36
G879,02-mar-16,5936070,5486976,133.8085014,1421,-5.56,-29.75,14.73
G880,31-may-12,5894086.32,5687767.55,23.25,8480,-4.16,-23.58,9.68
G881,31-may-12,5894611.59,5688408.75,22,8550,-4.30,-24.07,10.37
G882,27-abr-17,5900392,5476124,221,,-5.68,-31.10,14.34
G883,27-abr-17,5901548,5475920,220.0472884,,-5.08,-31.80,8.84
G884,27-abr-17,5901156,5475892,219.2207991,,-5.86,-32.80,14.08
G885,30-oct-19,5880882,5465100,220.8143576,,-5.58,-30.20,14.44
G885,20-oct-17,5880882,5465100,220.8143576,,-5.22,-31.60,10.16
G886,31-oct-19,5921325,5473273,159.6825642,,-5.73,-31.90,13.94
G886,20-oct-17,5921325,5473273,159.6825642,,-5.67,-33.20,12.16
G887,21-oct-17,5937421,5482162,132.4046358,,-5.25,-30.20,11.80
G888,21-oct-17,5960191,5491976,107,,-5.77,-34.60,11.56
G888,22-mar-12,5960191,5491976,107,,-5.31,-28.14,14.33
G889,21-oct-17,5998988,5504899,68.54650935,,-4.59,-27.90,8.82
G890,21-oct-17,5976706,5496231,87.20570164,,-4.61,-27.60,9.28
G891,24-oct-17,5944966,5488974,121.4704337,,-5.75,-36.20,9.80
